model_num,lambda,loss,accuracy,epoch,l2,l0,re loss
1,1e-05,0.439541757106781,0.9283619523048401,5,104.80635070800781,214.62405395507812,0.002146240323781967
1,1e-05,0.44719570875167847,0.9168936014175415,10,131.38650512695312,214.651611328125,0.0021465159952640533
1,1e-05,0.4341452419757843,0.9283619523048401,15,149.81857299804688,214.51461791992188,0.002145146019756794
1,1e-05,0.4299824833869934,0.9283619523048401,20,161.86688232421875,214.38327026367188,0.0021438326220959425
1,1e-05,0.4306143522262573,0.9261102080345154,25,178.83209228515625,214.16140747070312,0.0021416142117232084
1,1e-05,0.4254930019378662,0.9298806190490723,30,193.63687133789062,213.96597290039062,0.002139659831300378
1,1e-05,0.429154634475708,0.9298806190490723,35,204.5447998046875,213.83035278320312,0.0021383033599704504
1,1e-05,0.4252919554710388,0.9298806190490723,40,212.05169677734375,213.50811767578125,0.0021350812166929245
1,1e-05,0.4261985123157501,0.9298806190490723,45,221.30047607421875,213.2168731689453,0.0021321685053408146
1,1e-05,0.4247055649757385,0.9298806190490723,50,230.55735778808594,212.002197265625,0.002120021730661392
1,1e-05,0.4317881166934967,0.9283619523048401,55,288.884765625,210.2229766845703,0.002102229744195938
1,1e-05,0.43009451031684875,0.9283619523048401,60,297.4041442871094,209.13327026367188,0.002091332571581006
1,1e-05,0.43179619312286377,0.9168936014175415,65,300.61322021484375,208.38653564453125,0.002083865227177739
1,1e-05,0.4288311004638672,0.9283619523048401,70,303.11944580078125,207.65139770507812,0.002076513832435012
1,1e-05,0.4297071397304535,0.9283619523048401,75,305.36248779296875,207.16226196289062,0.0020716225262731314
1,1e-05,0.4310588538646698,0.9283619523048401,80,343.6529541015625,205.83541870117188,0.0020583542063832283
1,1e-05,0.42864707112312317,0.9283619523048401,85,346.64154052734375,205.30059814453125,0.0020530058536678553
1,1e-05,0.4288979470729828,0.9283619523048401,90,349.18927001953125,204.82000732421875,0.002048199763521552
1,1e-05,0.42971301078796387,0.9283619523048401,95,351.68536376953125,204.1875457763672,0.002041875384747982
1,1e-05,0.43331432342529297,0.9168936014175415,100,353.162109375,203.43887329101562,0.002034388482570648
1,1e-05,0.4286726117134094,0.9283619523048401,105,355.4646911621094,202.615966796875,0.002026159781962633
1,1e-05,0.4330809712409973,0.9283619523048401,110,357.64813232421875,201.59603881835938,0.0020159604027867317
1,1e-05,0.428679883480072,0.9283619523048401,115,360.15875244140625,200.53488159179688,0.002005348913371563
1,1e-05,0.4286159574985504,0.9283619523048401,120,362.4036560058594,199.33567810058594,0.0019933569710701704
1,1e-05,0.43055450916290283,0.9168936014175415,125,364.03936767578125,198.16050720214844,0.0019816048443317413
1,1e-05,0.4292350709438324,0.9283619523048401,130,365.64410400390625,196.80902099609375,0.0019680901896208525
1,1e-05,0.42899835109710693,0.9283619523048401,135,366.1608581542969,195.18539428710938,0.0019518539775162935
1,1e-05,0.4299013018608093,0.9283619523048401,140,370.5262451171875,193.47393798828125,0.0019347392953932285
1,1e-05,0.4323001205921173,0.9283619523048401,145,373.3360900878906,191.83416748046875,0.0019183414988219738
1,1e-05,0.428579717874527,0.9283619523048401,150,374.9103088378906,190.0260009765625,0.0019002597546204925
1,1e-05,0.4284638464450836,0.9283619523048401,155,376.60174560546875,188.028564453125,0.0018802854465320706
1,1e-05,0.42930319905281067,0.9283619523048401,160,383.0357971191406,186.2418670654297,0.0018624186050146818
1,1e-05,0.4304352104663849,0.9168936014175415,165,385.44476318359375,184.30848693847656,0.0018430848140269518
1,1e-05,0.4285261631011963,0.9283619523048401,170,385.8882751464844,182.10865783691406,0.0018210865091532469
1,1e-05,0.43160420656204224,0.9283619523048401,175,387.26678466796875,179.5406494140625,0.0017954064533114433
1,1e-05,0.4284393787384033,0.9283619523048401,180,389.087646484375,176.45790100097656,0.0017645790940150619
1,1e-05,0.4283141493797302,0.9283619523048401,185,391.73663330078125,173.13983154296875,0.001731398398987949
1,1e-05,0.4281888008117676,0.9283619523048401,190,393.5785827636719,169.9180450439453,0.0016991804586723447
1,1e-05,0.433185338973999,0.9168936014175415,195,396.2699279785156,166.89266967773438,0.0016689265612512827
1,1e-05,0.4342021942138672,0.9168936014175415,200,400.5184326171875,163.9809112548828,0.0016398089937865734
1,1e-05,0.4304548501968384,0.9168936014175415,205,402.46978759765625,161.17193603515625,0.001611719373613596
1,1e-05,0.43006035685539246,0.9283619523048401,210,405.78851318359375,158.5529327392578,0.0015855294186621904
1,1e-05,0.4286872446537018,0.9283619523048401,215,405.60504150390625,155.73495483398438,0.0015573494601994753
1,1e-05,0.4285062253475189,0.9283619523048401,220,409.441650390625,153.04104614257812,0.0015304104890674353
1,1e-05,0.429876446723938,0.9283619523048401,225,410.9869079589844,150.33578491210938,0.0015033578965812922
1,1e-05,0.4314625561237335,0.9283619523048401,230,415.69195556640625,147.36114501953125,0.0014736116863787174
1,1e-05,0.4325788915157318,0.9283619523048401,235,414.83544921875,144.39895629882812,0.001443989691324532
1,1e-05,0.42991408705711365,0.9283619523048401,240,425.1276550292969,141.5459442138672,0.0014154594391584396
1,1e-05,0.4287095069885254,0.9283619523048401,245,426.7081298828125,138.82962036132812,0.001388296252116561
1,1e-05,0.4302327632904053,0.9283619523048401,250,431.92724609375,136.39987182617188,0.001363998744636774
1,1e-05,0.429413378238678,0.9283619523048401,255,430.34149169921875,134.0648193359375,0.0013406481593847275
1,1e-05,0.4363458752632141,0.9283619523048401,260,449.01544189453125,131.7871856689453,0.0013178717344999313
1,1e-05,0.4297441244125366,0.9283619523048401,265,454.5115051269531,129.85508728027344,0.001298550982028246
1,1e-05,0.4287472069263458,0.9283619523048401,270,460.6495666503906,128.44189453125,0.001284418860450387
1,1e-05,0.43191641569137573,0.9168936014175415,275,474.59893798828125,126.8907699584961,0.0012689076829701662
1,1e-05,0.4286158084869385,0.9283619523048401,280,459.797607421875,124.29786682128906,0.0012429787311702967
1,1e-05,0.42967501282691956,0.9283619523048401,285,527.124755859375,123.36431884765625,0.0012336430372670293
1,1e-05,0.42881467938423157,0.9283619523048401,290,547.9375,122.50171661376953,0.0012250171275809407
1,1e-05,0.4305012822151184,0.9168936014175415,295,551.893310546875,122.10340881347656,0.001221034093759954
1,1e-05,0.4297363758087158,0.9283619523048401,300,550.6473388671875,121.18321228027344,0.0012118322774767876
1,1e-05,0.43004128336906433,0.9283619523048401,305,551.5513305664062,120.7895736694336,0.001207895576953888
1,1e-05,0.43047627806663513,0.9283619523048401,310,553.1242065429688,120.39126586914062,0.0012039127759635448
1,1e-05,0.42932072281837463,0.9283619523048401,315,554.010009765625,120.009033203125,0.0012000902788713574
1,1e-05,0.43218183517456055,0.9283619523048401,320,557.0562133789062,119.70307159423828,0.001197030651383102
1,1e-05,0.4284632205963135,0.9283619523048401,325,561.1680908203125,119.367919921875,0.0011936790542677045
1,1e-05,0.428496778011322,0.9283619523048401,330,574.7188720703125,119.02896118164062,0.0011902896221727133
1,1e-05,0.42972856760025024,0.9283619523048401,335,576.4896850585938,118.60000610351562,0.0011860000668093562
1,1e-05,0.4317229092121124,0.9168936014175415,340,577.1293334960938,118.1250228881836,0.0011812502052634954
1,1e-05,0.4290752410888672,0.9283619523048401,345,585.1631469726562,117.30953979492188,0.0011730953119695187
1,1e-05,0.4316847026348114,0.9283619523048401,350,585.7997436523438,116.00184631347656,0.001160018378868699
1,1e-05,0.42861396074295044,0.9283619523048401,355,585.8756103515625,114.85234069824219,0.0011485234135761857
1,1e-05,0.4281872808933258,0.9283619523048401,360,586.9266967773438,113.45559692382812,0.0011345560196787119
1,1e-05,0.4303551912307739,0.9168936014175415,365,585.2593383789062,112.04505920410156,0.0011204504407942295
1,1e-05,0.4293491542339325,0.9283619523048401,370,588.9971313476562,110.99234008789062,0.0011099233524873853
1,1e-05,0.42842671275138855,0.9283619523048401,375,591.3251342773438,110.30673217773438,0.0011030673049390316
1,1e-05,0.42887935042381287,0.9283619523048401,380,591.1065673828125,109.48065185546875,0.0010948064737021923
1,1e-05,0.42836692929267883,0.9283619523048401,385,593.3406982421875,108.4324951171875,0.0010843249037861824
1,1e-05,0.42880475521087646,0.9283619523048401,390,593.28076171875,106.58013916015625,0.0010658013634383678
1,1e-05,0.4293760657310486,0.9283619523048401,395,595.8897705078125,105.58032989501953,0.0010558032663539052
1,1e-05,0.42902714014053345,0.9283619523048401,400,595.1698608398438,104.50090026855469,0.0010450088884681463
1,1e-05,0.42830994725227356,0.9283619523048401,405,598.757080078125,103.4990463256836,0.001034990418702364
1,1e-05,0.4284176528453827,0.9283619523048401,410,598.921142578125,102.38594818115234,0.0010238594841212034
1,1e-05,0.4295904338359833,0.9283619523048401,415,597.520751953125,101.44393920898438,0.0010144393891096115
1,1e-05,0.4289402663707733,0.9283619523048401,420,600.2271728515625,100.55413818359375,0.0010055413004010916
1,1e-05,0.42838382720947266,0.9283619523048401,425,613.2640991210938,99.77906036376953,0.000997790601104498
1,1e-05,0.4299383759498596,0.9283619523048401,430,612.1749267578125,98.10643768310547,0.0009810642804950476
1,1e-05,0.42962008714675903,0.9283619523048401,435,617.1676635742188,96.92732238769531,0.0009692732710391283
1,1e-05,0.4292529225349426,0.9283619523048401,440,623.1768188476562,96.25318908691406,0.0009625317761674523
1,1e-05,0.42862460017204285,0.9283619523048401,445,637.8076171875,95.48638153076172,0.0009548637899570167
1,1e-05,0.43680480122566223,0.9283619523048401,450,647.64599609375,94.87249755859375,0.0009487249772064388
1,1e-05,0.42898881435394287,0.9283619523048401,455,651.177001953125,94.3150634765625,0.0009431506041437387
1,1e-05,0.4305119216442108,0.9168936014175415,460,658.3814697265625,93.59844970703125,0.0009359844261780381
1,1e-05,0.4285542070865631,0.9283619523048401,465,673.513671875,92.72772216796875,0.0009272771421819925
1,1e-05,0.43105435371398926,0.9168936014175415,470,677.106689453125,92.0611572265625,0.0009206115501001477
1,1e-05,0.42853906750679016,0.9283619523048401,475,702.9092407226562,91.44380187988281,0.0009144379291683435
1,1e-05,0.4284172058105469,0.9283619523048401,480,710.7986450195312,90.63252258300781,0.0009063251782208681
1,1e-05,0.4304521381855011,0.9168936014175415,485,716.3551025390625,89.13772583007812,0.000891377218067646
1,1e-05,0.42883023619651794,0.9283619523048401,490,715.391845703125,88.54493713378906,0.0008854493498802185
1,1e-05,0.4300084412097931,0.9283619523048401,495,717.3822021484375,87.85719299316406,0.0008785718819126487
1,1e-05,0.43297213315963745,0.9283619523048401,500,719.4522705078125,87.07467651367188,0.0008707466768100858
1,1e-05,0.4296676516532898,0.9283619523048401,505,725.3853149414062,86.47523498535156,0.0008647523354738951
1,1e-05,0.429067999124527,0.9283619523048401,510,730.6456298828125,85.68212890625,0.0008568212506361306
1,1e-05,0.4284481704235077,0.9283619523048401,515,722.4530029296875,85.3377914428711,0.0008533779182471335
1,1e-05,0.42862266302108765,0.9283619523048401,520,703.49169921875,84.54356384277344,0.0008454356575384736
1,1e-05,0.42982736229896545,0.9283619523048401,525,720.119140625,83.62252807617188,0.000836225226521492
1,1e-05,0.43125513195991516,0.9283619523048401,530,730.1422119140625,82.4576416015625,0.0008245763019658625
1,1e-05,0.431061714887619,0.9168936014175415,535,745.3807373046875,81.5498046875,0.0008154980023391545
1,1e-05,0.4291055202484131,0.9283619523048401,540,793.1279907226562,81.60905456542969,0.0008160904981195927
1,1e-05,0.42921292781829834,0.9283619523048401,545,804.8251953125,81.42457580566406,0.0008142457227222621
1,1e-05,0.42822977900505066,0.9283619523048401,550,803.4345092773438,81.15522766113281,0.0008115522796288133
1,1e-05,0.42847201228141785,0.9283619523048401,555,808.19775390625,80.77632904052734,0.0008077632519416511
1,1e-05,0.42937764525413513,0.9283619523048401,560,832.0797119140625,80.03583526611328,0.0008003584225662053
1,1e-05,0.4283938705921173,0.9283619523048401,565,831.453125,79.29866027832031,0.0007929865969344974
1,1e-05,0.439958393573761,0.9168936014175415,570,845.534912109375,79.0567398071289,0.0007905674283392727
1,1e-05,0.4284811019897461,0.9283619523048401,575,848.7169189453125,78.82469940185547,0.0007882469799369574
1,1e-05,0.4288083612918854,0.9283619523048401,580,854.6779174804688,78.5245361328125,0.0007852453272789717
1,1e-05,0.4295826256275177,0.9283619523048401,585,855.0675659179688,78.2442855834961,0.0007824428612366319
1,1e-05,0.42857125401496887,0.9283619523048401,590,862.0596923828125,77.95245361328125,0.0007795245037414134
1,1e-05,0.42888081073760986,0.9283619523048401,595,852.78662109375,76.60896301269531,0.0007660896517336369
1,1e-05,0.42949098348617554,0.9283619523048401,600,871.52490234375,75.86135864257812,0.0007586135761812329
1,1e-05,0.43121400475502014,0.9168936014175415,605,887.8568115234375,75.83069610595703,0.0007583068800158799
1,1e-05,0.43022069334983826,0.9168936014175415,610,893.0772094726562,74.89468383789062,0.0007489468553103507
1,1e-05,0.4336795508861542,0.9168936014175415,615,887.83544921875,74.01123809814453,0.0007401123875752091
1,1e-05,0.4295364320278168,0.9283619523048401,620,902.13916015625,73.88170623779297,0.0007388170342892408
1,1e-05,0.4290882349014282,0.9283619523048401,625,922.0324096679688,73.33834838867188,0.0007333834073506296
1,1e-05,0.4322625994682312,0.9168936014175415,630,944.5152587890625,73.01545715332031,0.0007301545701920986
1,1e-05,0.4290935695171356,0.9283619523048401,635,918.2828369140625,71.9485855102539,0.0007194858626462519
1,1e-05,0.42892563343048096,0.9283619523048401,640,943.975830078125,71.80706024169922,0.0007180706015788019
1,1e-05,0.43008628487586975,0.9283619523048401,645,952.564453125,71.66664123535156,0.0007166663999669254
1,1e-05,0.43766501545906067,0.9168936014175415,650,950.597900390625,71.40692901611328,0.0007140692323446274
1,1e-05,0.4329618811607361,0.9283619523048401,655,974.2935791015625,71.16492462158203,0.00071164924884215
1,1e-05,0.42898860573768616,0.9283619523048401,660,1009.5026245117188,70.46720886230469,0.0007046720711514354
1,1e-05,0.42871904373168945,0.9283619523048401,665,1048.010498046875,69.76956939697266,0.0006976956501603127
1,1e-05,0.42852097749710083,0.9283619523048401,670,1057.0810546875,69.4102554321289,0.0006941025494597852
1,1e-05,0.43182870745658875,0.9168936014175415,675,1055.28662109375,69.05487060546875,0.0006905487389303744
1,1e-05,0.42904043197631836,0.9283619523048401,680,1043.9658203125,68.9455337524414,0.0006894553080201149
1,1e-05,0.43041735887527466,0.9168936014175415,685,1049.1016845703125,68.82958984375,0.0006882958696223795
1,1e-05,0.4283280074596405,0.9283619523048401,690,1075.263427734375,69.0545654296875,0.0006905455957166851
1,1e-05,0.4320794641971588,0.9168936014175415,695,1078.2315673828125,68.97684478759766,0.0006897684652358294
1,1e-05,0.42949172854423523,0.9283619523048401,700,1081.97607421875,68.96477508544922,0.0006896477425470948
1,1e-05,0.42860668897628784,0.9283619523048401,705,1115.5,68.62336730957031,0.0006862336304038763
1,1e-05,0.4285014569759369,0.9283619523048401,710,1107.40869140625,68.37490844726562,0.000683749036397785
1,1e-05,0.43189406394958496,0.9168936014175415,715,1120.1326904296875,68.37100219726562,0.000683709979057312
1,1e-05,0.43289363384246826,0.9283619523048401,720,1122.6312255859375,68.14554595947266,0.0006814554217271507
1,1e-05,0.4294918477535248,0.9283619523048401,725,1119.147705078125,68.02484130859375,0.000680248427670449
1,1e-05,0.42867860198020935,0.9283619523048401,730,1122.7894287109375,67.4300308227539,0.0006743002450093627
1,1e-05,0.4294418394565582,0.9283619523048401,735,1118.637451171875,67.20606994628906,0.0006720606470480561
1,1e-05,0.42861130833625793,0.9283619523048401,740,1135.12255859375,66.94895935058594,0.0006694896146655083
1,1e-05,0.4299931228160858,0.9283619523048401,745,1135.9683837890625,66.997802734375,0.0006699779769405723
1,1e-05,0.4285942018032074,0.9283619523048401,750,1139.14306640625,66.82395935058594,0.0006682395469397306
1,1e-05,0.429039865732193,0.9283619523048401,755,1148.78662109375,66.87843322753906,0.0006687843706458807
1,1e-05,0.42881715297698975,0.9283619523048401,760,1159.0938720703125,66.77529907226562,0.0006677529308944941
1,1e-05,0.4334675371646881,0.9283619523048401,765,1161.937744140625,66.5866928100586,0.0006658669444732368
1,1e-05,0.42925265431404114,0.9283619523048401,770,1220.696533203125,66.78378295898438,0.0006678378558717668
1,1e-05,0.42908814549446106,0.9283619523048401,775,1223.543701171875,66.46595764160156,0.0006646595429629087
1,1e-05,0.42908743023872375,0.9283619523048401,780,1225.81494140625,65.94232177734375,0.0006594232399947941
1,1e-05,0.4293535649776459,0.9283619523048401,785,1267.5909423828125,65.85897827148438,0.0006585898227058351
1,1e-05,0.430419921875,0.9283619523048401,790,1286.15380859375,65.7721176147461,0.0006577210733667016
1,1e-05,0.4310092031955719,0.9168936014175415,795,1320.98388671875,65.68014526367188,0.0006568013923242688
1,1e-05,0.42862099409103394,0.9283619523048401,800,1344.394775390625,65.85635375976562,0.0006585634546354413
1,1e-05,0.428423136472702,0.9283619523048401,805,1354.79736328125,65.95674133300781,0.0006595674203708768
1,1e-05,0.4288499653339386,0.9283619523048401,810,1385.8966064453125,66.3082046508789,0.0006630820571444929
1,1e-05,0.43456965684890747,0.9168936014175415,815,1393.48291015625,66.28901672363281,0.0006628901464864612
1,1e-05,0.4288838505744934,0.9283619523048401,820,1387.0899658203125,66.28853607177734,0.0006628853152506053
1,1e-05,0.43192005157470703,0.9168936014175415,825,1393.739013671875,66.32789611816406,0.0006632789736613631
1,1e-05,0.43035754561424255,0.9283619523048401,830,1397.3836669921875,66.23233032226562,0.0006623233202844858
1,1e-05,0.4312994182109833,0.9168936014175415,835,1405.77001953125,66.23870849609375,0.000662387115880847
1,1e-05,0.4286659359931946,0.9283619523048401,840,1413.52099609375,66.15343475341797,0.0006615343736484647
1,1e-05,0.43349698185920715,0.9168936014175415,845,1418.2923583984375,66.10101318359375,0.0006610100390389562
1,1e-05,0.4285409152507782,0.9283619523048401,850,1428.23681640625,65.99601745605469,0.0006599602056667209
1,1e-05,0.42981278896331787,0.9283619523048401,855,1432.60009765625,65.97521209716797,0.0006597521132789552
1,1e-05,0.42841437458992004,0.9283619523048401,860,1434.067626953125,65.91991424560547,0.0006591990822926164
1,1e-05,0.43030020594596863,0.9283619523048401,865,1440.528076171875,65.82313537597656,0.0006582312635146081
1,1e-05,0.42871642112731934,0.9283619523048401,870,1443.68408203125,65.84278869628906,0.0006584278307855129
1,1e-05,0.4309844970703125,0.9168936014175415,875,1439.31201171875,65.67547607421875,0.0006567547097802162
1,1e-05,0.42958807945251465,0.9283619523048401,880,1442.87939453125,65.5372314453125,0.0006553723360411823
1,1e-05,0.42927470803260803,0.9283619523048401,885,1480.003173828125,65.44087219238281,0.0006544087082147598
1,1e-05,0.430849552154541,0.9168936014175415,890,1464.803955078125,65.19345092773438,0.000651934533379972
1,1e-05,0.42856451869010925,0.9283619523048401,895,1470.5263671875,64.55540466308594,0.0006455539842136204
1,1e-05,0.43218520283699036,0.9168936014175415,900,1477.31201171875,64.44463348388672,0.000644446350634098
1,1e-05,0.4284206032752991,0.9283619523048401,905,1481.261962890625,64.37139892578125,0.0006437139818444848
1,1e-05,0.4302682876586914,0.9283619523048401,910,1513.1605224609375,64.35279083251953,0.0006435279501602054
1,1e-05,0.4292600154876709,0.9283619523048401,915,1523.2265625,64.44308471679688,0.0006444308673962951
1,1e-05,0.4294265806674957,0.9283619523048401,920,1532.968994140625,64.58818817138672,0.000645881867967546
1,1e-05,0.4288717806339264,0.9283619523048401,925,1530.7139892578125,64.42597961425781,0.0006442597368732095
1,1e-05,0.43080970644950867,0.9168936014175415,930,1516.86328125,64.23375701904297,0.0006423374870792031
1,1e-05,0.42934951186180115,0.9283619523048401,935,1504.425537109375,64.122314453125,0.0006412231596186757
1,1e-05,0.4299345016479492,0.9283619523048401,940,1502.55419921875,64.18669128417969,0.0006418668199330568
1,1e-05,0.42996978759765625,0.9283619523048401,945,1515.74169921875,64.50567626953125,0.0006450567743740976
1,1e-05,0.4303989112377167,0.9283619523048401,950,1519.3974609375,64.1698226928711,0.0006416981923393905
1,1e-05,0.43408203125,0.9168936014175415,955,1524.0147705078125,63.49574279785156,0.0006349573959596455
1,1e-05,0.43259119987487793,0.9168936014175415,960,1527.12353515625,63.329063415527344,0.0006332906777970493
1,1e-05,0.4285486340522766,0.9283619523048401,965,1529.0750732421875,63.28828430175781,0.0006328828167170286
1,1e-05,0.4284248650074005,0.9283619523048401,970,1530.4644775390625,63.142662048339844,0.0006314265774562955
1,1e-05,0.42882609367370605,0.9283619523048401,975,1548.3836669921875,63.18853759765625,0.0006318853702396154
1,1e-05,0.43058276176452637,0.9168936014175415,980,1552.1650390625,63.10527801513672,0.0006310527678579092
1,1e-05,0.42944642901420593,0.9283619523048401,985,1564.9407958984375,63.21410369873047,0.0006321410182863474
1,1e-05,0.4315437078475952,0.9168936014175415,990,1571.523681640625,63.06941223144531,0.0006306940922513604
1,1e-05,0.43159982562065125,0.9168936014175415,995,1582.6168212890625,62.89463806152344,0.0006289463490247726
1,1e-05,0.4287821352481842,0.9283619523048401,1000,1592.1455078125,62.77643585205078,0.0006277643842622638
1,1e-05,0.4310527741909027,0.9168936014175415,1005,1597.09033203125,62.75665283203125,0.000627566478215158
1,1e-05,0.4353103041648865,0.9283619523048401,1010,1596.729248046875,62.68229675292969,0.0006268229917623103
1,1e-05,0.42818930745124817,0.9283619523048401,1015,1600.4603271484375,62.58326721191406,0.0006258326466195285
1,1e-05,0.4282056987285614,0.9283619523048401,1020,1603.0384521484375,62.49713134765625,0.000624971289653331
1,1e-05,0.4283825159072876,0.9283619523048401,1025,1605.516357421875,62.440895080566406,0.000624408945441246
1,1e-05,0.42913949489593506,0.9283619523048401,1030,1608.5203857421875,62.27362060546875,0.0006227362318895757
1,1e-05,0.43060949444770813,0.9168936014175415,1035,1610.22265625,62.22334289550781,0.0006222333759069443
1,1e-05,0.4288119971752167,0.9283619523048401,1040,1614.0162353515625,62.21467590332031,0.0006221467046998441
1,1e-05,0.4300820827484131,0.9283619523048401,1045,1662.4195556640625,62.122962951660156,0.0006212296430021524
1,1e-05,0.4289531409740448,0.9283619523048401,1050,1655.8543701171875,61.9857177734375,0.0006198571645654738
1,1e-05,0.43073636293411255,0.9168936014175415,1055,1656.3271484375,61.98612976074219,0.0006198611808940768
1,1e-05,0.4300624132156372,0.9283619523048401,1060,1658.2803955078125,62.02101135253906,0.0006202100776135921
1,1e-05,0.4285871088504791,0.9283619523048401,1065,1659.9354248046875,61.937774658203125,0.0006193777080625296
1,1e-05,0.434905469417572,0.9168936014175415,1070,1658.4146728515625,61.94765090942383,0.0006194765446707606
1,1e-05,0.42916637659072876,0.9283619523048401,1075,1662.12841796875,61.9179573059082,0.0006191795691847801
1,1e-05,0.4285282790660858,0.9283619523048401,1080,1664.529541015625,61.78131103515625,0.0006178131443448365
1,1e-05,0.42903873324394226,0.9283619523048401,1085,1687.432861328125,61.947914123535156,0.0006194791058078408
1,1e-05,0.43054983019828796,0.9168936014175415,1090,1692.9617919921875,61.96511459350586,0.000619651167653501
1,1e-05,0.4326116740703583,0.9283619523048401,1095,1708.9915771484375,61.923744201660156,0.0006192373693920672
1,1e-05,0.43007737398147583,0.9168936014175415,1100,1710.7247314453125,61.756752014160156,0.0006175675080157816
1,1e-05,0.4286269545555115,0.9283619523048401,1105,1745.343505859375,61.65585708618164,0.0006165585946291685
1,1e-05,0.4321933388710022,0.9283619523048401,1110,1741.119140625,61.58184051513672,0.0006158184260129929
1,1e-05,0.4287622272968292,0.9283619523048401,1115,1742.5748291015625,61.50951385498047,0.0006150951376184821
1,1e-05,0.4286724925041199,0.9283619523048401,1120,1749.166015625,61.43244934082031,0.0006143244681879878
1,1e-05,0.4285617470741272,0.9283619523048401,1125,1754.1767578125,61.329063415527344,0.0006132905837148428
1,1e-05,0.4281724691390991,0.9283619523048401,1130,1757.0438232421875,61.26487731933594,0.0006126486696302891
1,1e-05,0.43069005012512207,0.9168936014175415,1135,1789.19580078125,61.20867919921875,0.0006120867328718305
1,1e-05,0.42913538217544556,0.9283619523048401,1140,1791.5771484375,61.207855224609375,0.0006120785255916417
1,1e-05,0.4285241663455963,0.9283619523048401,1145,1782.7274169921875,61.17229461669922,0.0006117229349911213
1,1e-05,0.432197242975235,0.9283619523048401,1150,1787.6260986328125,61.08470916748047,0.0006108470261096954
1,1e-05,0.43372011184692383,0.9283619523048401,1155,1796.535400390625,60.92654037475586,0.0006092654657550156
1,1e-05,0.4288424849510193,0.9283619523048401,1160,1794.87744140625,60.776458740234375,0.0006077645812183619
1,1e-05,0.4284895956516266,0.9283619523048401,1165,1798.451416015625,60.64798355102539,0.0006064798217266798
1,1e-05,0.4302414357662201,0.9168936014175415,1170,1793.8935546875,60.475982666015625,0.0006047597853466868
1,1e-05,0.42883628606796265,0.9283619523048401,1175,1793.1173095703125,60.165069580078125,0.0006016506813466549
1,1e-05,0.4295214116573334,0.9283619523048401,1180,1800.0823974609375,60.23195266723633,0.0006023194873705506
1,1e-05,0.4290775954723358,0.9283619523048401,1185,1799.3056640625,59.57279968261719,0.0005957279354333878
1,1e-05,0.4282013177871704,0.9283619523048401,1190,1820.0009765625,59.09572219848633,0.00059095723554492
1,1e-05,0.42833781242370605,0.9283619523048401,1195,1851.975830078125,59.398475646972656,0.0005939847324043512
1,1e-05,0.4283618927001953,0.9283619523048401,1200,1848.0506591796875,59.49760437011719,0.0005949760088697076
1,1e-05,0.4296416640281677,0.9283619523048401,1205,1848.4814453125,59.38850402832031,0.0005938850808888674
1,1e-05,0.4289821684360504,0.9283619523048401,1210,1848.036865234375,59.44288635253906,0.0005944289150647819
1,1e-05,0.42844724655151367,0.9283619523048401,1215,1858.619384765625,59.43594741821289,0.0005943594733253121
1,1e-05,0.430107444524765,0.9283619523048401,1220,1866.287353515625,59.485233306884766,0.0005948523175902665
1,1e-05,0.43397948145866394,0.9283619523048401,1225,1872.38720703125,59.39069366455078,0.0005939069669693708
1,1e-05,0.42928093671798706,0.9283619523048401,1230,1870.9993896484375,59.306549072265625,0.0005930655170232058
1,1e-05,0.4297804832458496,0.9283619523048401,1235,1890.285888671875,59.091758728027344,0.0005909176543354988
1,1e-05,0.43576014041900635,0.9283619523048401,1240,1901.8701171875,59.226036071777344,0.0005922603886574507
1,1e-05,0.42854565382003784,0.9283619523048401,1245,1915.4136962890625,59.08359146118164,0.0005908358725719154
1,1e-05,0.4284473657608032,0.9283619523048401,1250,1913.099365234375,59.025665283203125,0.0005902566481381655
1,1e-05,0.42863360047340393,0.9283619523048401,1255,1893.5802001953125,58.778594970703125,0.0005877859075553715
1,1e-05,0.42846763134002686,0.9283619523048401,1260,1895.1707763671875,58.697811126708984,0.0005869781016372144
1,1e-05,0.42874443531036377,0.9283619523048401,1265,1887.8388671875,58.755859375,0.0005875585484318435
1,1e-05,0.43106284737586975,0.9283619523048401,1270,1888.478759765625,58.72444152832031,0.0005872444016858935
1,1e-05,0.42992734909057617,0.9168936014175415,1275,1877.0013427734375,58.72407531738281,0.0005872406763955951
1,1e-05,0.42847901582717896,0.9283619523048401,1280,1881.710205078125,58.536216735839844,0.0005853621405549347
1,1e-05,0.4317586421966553,0.9168936014175415,1285,1885.483154296875,58.418888092041016,0.0005841889069415629
1,1e-05,0.42890846729278564,0.9283619523048401,1290,1884.0419921875,58.27422332763672,0.0005827422719448805
1,1e-05,0.4307146966457367,0.9283619523048401,1295,1891.8466796875,58.20961380004883,0.0005820960504934192
1,1e-05,0.43435409665107727,0.9283619523048401,1300,1893.2828369140625,57.97036361694336,0.0005797036574222147
1,1e-05,0.4291258752346039,0.9283619523048401,1305,1895.3941650390625,57.59773254394531,0.0005759772611781955
1,1e-05,0.4317615330219269,0.9168936014175415,1310,1914.7620849609375,56.61305236816406,0.0005661305040121078
1,1e-05,0.43148598074913025,0.9283619523048401,1315,1908.9439697265625,56.691036224365234,0.0005669103702530265
1,1e-05,0.43290483951568604,0.9168936014175415,1320,1896.10693359375,57.77459716796875,0.0005777459591627121
1,1e-05,0.42919921875,0.9283619523048401,1325,1943.878173828125,58.006797790527344,0.0005800679791718721
1,1e-05,0.4295750856399536,0.9283619523048401,1330,1910.71044921875,58.65306854248047,0.0005865306593477726
1,1e-05,0.42921730875968933,0.9283619523048401,1335,1929.1959228515625,59.08000183105469,0.0005907999584451318
1,1e-05,0.42989277839660645,0.9283619523048401,1340,1948.4615478515625,59.19606399536133,0.0005919606192037463
1,1e-05,0.42871394753456116,0.9283619523048401,1345,1957.79541015625,59.271759033203125,0.000592717609833926
1,1e-05,0.4292465150356293,0.9283619523048401,1350,1965.228271484375,59.622196197509766,0.0005962218856438994
1,1e-05,0.43060728907585144,0.9283619523048401,1355,1972.1942138671875,58.88880920410156,0.000588888069614768
1,1e-05,0.42934784293174744,0.9283619523048401,1360,1966.518310546875,59.39130401611328,0.0005939130205661058
1,1e-05,0.4316496253013611,0.9168936014175415,1365,1966.59716796875,59.67649459838867,0.0005967649049125612
1,1e-05,0.4293462038040161,0.9283619523048401,1370,1966.2130126953125,59.81255340576172,0.0005981255089864135
1,1e-05,0.42940980195999146,0.9283619523048401,1375,1966.904052734375,59.8973388671875,0.00059897341998294
1,1e-05,0.43061062693595886,0.9283619523048401,1380,1893.59033203125,59.70717239379883,0.0005970717174932361
1,1e-05,0.4305224120616913,0.9283619523048401,1385,1906.7041015625,59.7689323425293,0.000597689300775528
1,1e-05,0.4296221435070038,0.9283619523048401,1390,1919.36181640625,59.85978698730469,0.0005985978059470654
1,1e-05,0.43098264932632446,0.9283619523048401,1395,1929.1116943359375,60.508243560791016,0.0006050823722034693
1,1e-05,0.4290798008441925,0.9283619523048401,1400,1942.648681640625,60.19087600708008,0.0006019087741151452
1,1e-05,0.43082985281944275,0.9168936014175415,1405,1958.2769775390625,60.11363983154297,0.0006011363584548235
1,1e-05,0.429236501455307,0.9283619523048401,1410,1967.1024169921875,59.838157653808594,0.0005983815644867718
1,1e-05,0.42936065793037415,0.9283619523048401,1415,1971.138916015625,60.0211181640625,0.0006002111476846039
1,1e-05,0.43030136823654175,0.9283619523048401,1420,1972.993408203125,59.998924255371094,0.0005999892018735409
1,1e-05,0.4288686513900757,0.9283619523048401,1425,2015.2373046875,59.86885070800781,0.0005986884934827685
1,1e-05,0.4285530745983124,0.9283619523048401,1430,2019.4344482421875,59.772735595703125,0.0005977273685857654
1,1e-05,0.436227947473526,0.9168936014175415,1435,2023.53125,59.73621368408203,0.0005973620573058724
1,1e-05,0.4286629557609558,0.9283619523048401,1440,2023.442626953125,59.68552780151367,0.0005968552432022989
1,1e-05,0.42862120270729065,0.9283619523048401,1445,2032.2330322265625,59.76830291748047,0.0005976830143481493
1,1e-05,0.4286482334136963,0.9283619523048401,1450,2039.79638671875,59.594459533691406,0.0005959445843473077
1,1e-05,0.4340607523918152,0.9168936014175415,1455,2023.75244140625,59.62213897705078,0.0005962213617749512
1,1e-05,0.42871978878974915,0.9283619523048401,1460,2028.63134765625,59.75630569458008,0.0005975629901513457
1,1e-05,0.4284585416316986,0.9283619523048401,1465,2023.6171875,59.7562255859375,0.0005975622334517539
1,1e-05,0.42906978726387024,0.9283619523048401,1470,2048.780029296875,59.824493408203125,0.0005982450093142688
1,1e-05,0.430146723985672,0.9283619523048401,1475,2050.2724609375,59.760047912597656,0.0005976004176773131
1,1e-05,0.42987579107284546,0.9283619523048401,1480,2050.819091796875,59.664947509765625,0.0005966494791209698
1,1e-05,0.4294860064983368,0.9283619523048401,1485,2054.657958984375,59.603519439697266,0.000596035155467689
1,1e-05,0.42926985025405884,0.9283619523048401,1490,2085.318115234375,60.10978317260742,0.0006010978249832988
1,1e-05,0.43213391304016113,0.9168936014175415,1495,2070.109375,59.97715377807617,0.0005997715052217245
1,1e-05,0.42917400598526,0.9283619523048401,1500,2071.0244140625,59.811866760253906,0.0005981186986900866
1,1e-05,0.42939862608909607,0.9283619523048401,1505,2099.939453125,59.26844787597656,0.0005926844314672053
1,1e-05,0.4294652044773102,0.9283619523048401,1510,2098.1103515625,59.33265686035156,0.0005933265783824027
1,1e-05,0.4321698546409607,0.9168936014175415,1515,2097.90380859375,59.20587921142578,0.0005920587573200464
1,1e-05,0.4297655522823334,0.9283619523048401,1520,2099.181884765625,59.1630859375,0.0005916308728046715
1,1e-05,0.4353569447994232,0.9283619523048401,1525,2101.31396484375,59.017112731933594,0.0005901710828766227
1,1e-05,0.429433137178421,0.9283619523048401,1530,2101.649169921875,58.73486328125,0.0005873485933989286
1,1e-05,0.4289940595626831,0.9283619523048401,1535,2105.446044921875,58.618560791015625,0.0005861855461262167
1,1e-05,0.4286747872829437,0.9283619523048401,1540,2100.99462890625,58.52018737792969,0.000585201836656779
1,1e-05,0.4285888671875,0.9283619523048401,1545,2103.482421875,58.6647834777832,0.0005866477731615305
1,1e-05,0.4303567111492157,0.9283619523048401,1550,2142.521484375,58.648231506347656,0.0005864822887815535
1,1e-05,0.4297075867652893,0.9283619523048401,1555,2143.674560546875,58.647239685058594,0.0005864723352715373
1,1e-05,0.4294400215148926,0.9283619523048401,1560,2145.173583984375,58.515235900878906,0.0005851523019373417
1,1e-05,0.42995864152908325,0.9283619523048401,1565,2163.8212890625,58.44540023803711,0.0005844539846293628
1,1e-05,0.43119192123413086,0.9168936014175415,1570,2173.04541015625,59.10047912597656,0.0005910048494115472
1,1e-05,0.4295729100704193,0.9283619523048401,1575,2175.697265625,59.225868225097656,0.0005922587006352842
1,1e-05,0.43598228693008423,0.9168936014175415,1580,2176.06689453125,59.238563537597656,0.0005923855933360755
1,1e-05,0.428523451089859,0.9283619523048401,1585,2170.584716796875,59.32442855834961,0.000593244272749871
1,1e-05,0.4284367263317108,0.9283619523048401,1590,2173.089599609375,59.090309143066406,0.0005909031024202704
1,1e-05,0.4322071969509125,0.9168936014175415,1595,2177.79345703125,59.24056625366211,0.0005924056749790907
1,1e-05,0.4285014271736145,0.9283619523048401,1600,2177.609375,59.30708312988281,0.0005930708139203489
1,1e-05,0.4300096333026886,0.9283619523048401,1605,2179.5654296875,59.75878143310547,0.0005975877866148949
1,1e-05,0.4284592270851135,0.9283619523048401,1610,2179.7275390625,59.7886962890625,0.0005978869739919901
1,1e-05,0.42845842242240906,0.9283619523048401,1615,2179.73388671875,59.79145050048828,0.0005979144480079412
1,1e-05,0.4288742244243622,0.9283619523048401,1620,2186.82275390625,59.51219940185547,0.0005951219936832786
1,1e-05,0.4291988015174866,0.9283619523048401,1625,2190.739013671875,59.607704162597656,0.0005960770649835467
1,1e-05,0.428290992975235,0.9283619523048401,1630,2193.07421875,59.35527038574219,0.0005935526569373906
1,1e-05,0.43014293909072876,0.9283619523048401,1635,2192.94091796875,59.24652099609375,0.0005924651632085443
1,1e-05,0.4287113845348358,0.9283619523048401,1640,2193.956787109375,59.08219909667969,0.0005908219609409571
1,1e-05,0.4286988377571106,0.9283619523048401,1645,2197.585205078125,58.837955474853516,0.0005883795092813671
1,1e-05,0.43068984150886536,0.9168936014175415,1650,2185.3369140625,58.48735046386719,0.0005848734872415662
1,1e-05,0.4337162673473358,0.9283619523048401,1655,2216.70068359375,58.56178283691406,0.0005856177886016667
1,1e-05,0.4299345016479492,0.9283619523048401,1660,2226.783203125,58.46041488647461,0.0005846041021868587
1,1e-05,0.42846399545669556,0.9283619523048401,1665,2227.244140625,58.47848129272461,0.0005847847787663341
1,1e-05,0.42836862802505493,0.9283619523048401,1670,2225.600830078125,58.41054916381836,0.0005841054953634739
1,1e-05,0.42823100090026855,0.9283619523048401,1675,2225.953125,58.395599365234375,0.0005839559598825872
1,1e-05,0.43002429604530334,0.9283619523048401,1680,2236.114013671875,58.75019836425781,0.0005875019123777747
1,1e-05,0.42841994762420654,0.9283619523048401,1685,2246.582763671875,58.937744140625,0.0005893774214200675
1,1e-05,0.42863044142723083,0.9283619523048401,1690,2249.47900390625,58.88496398925781,0.0005888496525585651
1,1e-05,0.43141162395477295,0.9168936014175415,1695,2245.01611328125,58.72433090209961,0.0005872432375326753
1,1e-05,0.42870697379112244,0.9283619523048401,1700,2274.26513671875,58.77133560180664,0.0005877133808098733
1,1e-05,0.43064942955970764,0.9283619523048401,1705,2278.9931640625,58.628055572509766,0.0005862804828211665
1,1e-05,0.43224602937698364,0.9283619523048401,1710,2282.21630859375,58.46335220336914,0.00058463349705562
1,1e-05,0.42939913272857666,0.9283619523048401,1715,2293.822998046875,58.45402145385742,0.0005845401901751757
1,1e-05,0.4285900294780731,0.9283619523048401,1720,2299.890625,58.16429138183594,0.0005816429038532078
1,1e-05,0.43122750520706177,0.9283619523048401,1725,2302.63525390625,58.171321868896484,0.0005817131604999304
1,1e-05,0.42965543270111084,0.9283619523048401,1730,2289.12255859375,57.814151763916016,0.00057814153842628
1,1e-05,0.4288613200187683,0.9283619523048401,1735,2290.826171875,57.790313720703125,0.0005779030616395175
1,1e-05,0.42830386757850647,0.9283619523048401,1740,2299.76708984375,57.784114837646484,0.0005778411286883056
1,1e-05,0.4285309910774231,0.9283619523048401,1745,2291.001953125,57.58418273925781,0.0005758418119512498
1,1e-05,0.4304315745830536,0.9168936014175415,1750,2290.505126953125,57.70726776123047,0.0005770726129412651
2,1e-05,0.6143012046813965,0.9190229773521423,5,78.87222290039062,214.68341064453125,0.0021468340419232845
2,1e-05,0.4419812858104706,0.92635577917099,10,127.0933609008789,214.49179077148438,0.002144917845726013
2,1e-05,0.4318089783191681,0.9190229773521423,15,149.71002197265625,214.92123413085938,0.002149212174117565
2,1e-05,0.4389837384223938,0.92635577917099,20,165.30853271484375,214.52088928222656,0.0021452088840305805
2,1e-05,0.4312005639076233,0.9190229773521423,25,178.79702758789062,214.27890014648438,0.002142788842320442
2,1e-05,0.42931750416755676,0.92635577917099,30,187.1793670654297,214.21182250976562,0.002142118290066719
2,1e-05,0.42937102913856506,0.92635577917099,35,193.66207885742188,214.18325805664062,0.0021418328396975994
2,1e-05,0.4297406077384949,0.92635577917099,40,220.1687469482422,213.5814666748047,0.002135814633220434
2,1e-05,0.4295714199542999,0.92635577917099,45,225.91123962402344,213.4254150390625,0.0021342539694160223
2,1e-05,0.43014490604400635,0.92635577917099,50,230.40330505371094,213.34454345703125,0.0021334453485906124
2,1e-05,0.4340241849422455,0.9190229773521423,55,237.52635192871094,213.22454833984375,0.0021322453394532204
2,1e-05,0.42913153767585754,0.92635577917099,60,245.028564453125,213.02490234375,0.002130249049514532
2,1e-05,0.4297090768814087,0.92635577917099,65,253.473876953125,212.57473754882812,0.002125747501850128
2,1e-05,0.43081846833229065,0.92635577917099,70,257.17596435546875,212.4350128173828,0.0021243500523269176
2,1e-05,0.43020597100257874,0.9190229773521423,75,259.61920166015625,212.25079345703125,0.002122508129104972
2,1e-05,0.4292275607585907,0.92635577917099,80,263.92041015625,211.9151153564453,0.0021191509440541267
2,1e-05,0.4295501708984375,0.92635577917099,85,269.0698547363281,211.75332641601562,0.0021175332367420197
2,1e-05,0.42930683493614197,0.92635577917099,90,272.1253662109375,211.4954833984375,0.002114954637363553
2,1e-05,0.42972004413604736,0.9190229773521423,95,276.90728759765625,211.20944213867188,0.0021120943129062653
2,1e-05,0.4298807978630066,0.9190229773521423,100,279.6456604003906,210.81387329101562,0.002108138520270586
2,1e-05,0.4290507137775421,0.92635577917099,105,282.88409423828125,210.3165740966797,0.002103165490552783
2,1e-05,0.42921826243400574,0.92635577917099,110,287.64996337890625,209.93310546875,0.0020993310026824474
2,1e-05,0.4291457235813141,0.92635577917099,115,290.53070068359375,209.30653381347656,0.002093065530061722
2,1e-05,0.42923370003700256,0.92635577917099,120,297.8118896484375,208.40634155273438,0.0020840633660554886
2,1e-05,0.4305633306503296,0.92635577917099,125,302.2481689453125,207.61134338378906,0.002076113363727927
2,1e-05,0.43017736077308655,0.92635577917099,130,305.44818115234375,206.4541015625,0.002064540982246399
2,1e-05,0.42980897426605225,0.92635577917099,135,348.0402526855469,203.205322265625,0.0020320531912148
2,1e-05,0.4294564425945282,0.92635577917099,140,433.8463439941406,199.47964477539062,0.0019947965629398823
2,1e-05,0.4295237362384796,0.92635577917099,145,464.3413391113281,197.24972534179688,0.0019724969752132893
2,1e-05,0.4293226897716522,0.92635577917099,150,466.16473388671875,196.4254150390625,0.0019642540719360113
2,1e-05,0.4372464418411255,0.92635577917099,155,469.2838134765625,195.82115173339844,0.0019582114182412624
2,1e-05,0.4325490891933441,0.92635577917099,160,471.6700439453125,195.35748291015625,0.0019535748288035393
2,1e-05,0.4297274649143219,0.92635577917099,165,473.5985107421875,194.8564910888672,0.0019485647790133953
2,1e-05,0.42880669236183167,0.92635577917099,170,476.4235534667969,194.3480224609375,0.0019434801070019603
2,1e-05,0.42912060022354126,0.92635577917099,175,479.75714111328125,193.84878540039062,0.0019384878687560558
2,1e-05,0.42978203296661377,0.92635577917099,180,484.48736572265625,193.113525390625,0.0019311350770294666
2,1e-05,0.4385300874710083,0.92635577917099,185,487.16204833984375,192.52783203125,0.0019252783386036754
2,1e-05,0.42895641922950745,0.92635577917099,190,489.28131103515625,191.928955078125,0.0019192895852029324
2,1e-05,0.4322594404220581,0.9190229773521423,195,490.1532897949219,191.32838439941406,0.0019132837187498808
2,1e-05,0.43186667561531067,0.92635577917099,200,492.10693359375,190.6396942138672,0.001906396821141243
2,1e-05,0.4291549623012543,0.92635577917099,205,494.22784423828125,189.7801055908203,0.0018978009466081858
2,1e-05,0.42952561378479004,0.92635577917099,210,495.57562255859375,189.0316619873047,0.0018903166055679321
2,1e-05,0.4296371638774872,0.92635577917099,215,501.9249572753906,188.51173400878906,0.0018851172644644976
2,1e-05,0.43372228741645813,0.92635577917099,220,512.184814453125,187.48587036132812,0.001874858746305108
2,1e-05,0.4315434694290161,0.9190229773521423,225,514.4507446289062,186.6529541015625,0.0018665294628590345
2,1e-05,0.42944765090942383,0.92635577917099,230,521.67041015625,185.43740844726562,0.001854374073445797
2,1e-05,0.4301016330718994,0.92635577917099,235,525.2604370117188,184.1910400390625,0.0018419104162603617
2,1e-05,0.4368950128555298,0.92635577917099,240,526.8126220703125,182.94024658203125,0.0018294022884219885
2,1e-05,0.4291841387748718,0.92635577917099,245,530.668701171875,181.88735961914062,0.0018188735703006387
2,1e-05,0.42925137281417847,0.92635577917099,250,532.5972900390625,180.787353515625,0.0018078736029565334
2,1e-05,0.4291303753852844,0.92635577917099,255,534.4439086914062,179.55592346191406,0.0017955591902136803
2,1e-05,0.4292633533477783,0.92635577917099,260,535.826904296875,178.1109619140625,0.0017811096040531993
2,1e-05,0.42918694019317627,0.92635577917099,265,539.0474853515625,176.28787231445312,0.0017628788482397795
2,1e-05,0.42965152859687805,0.9190229773521423,270,539.9844970703125,174.54534912109375,0.0017454533372074366
2,1e-05,0.42980852723121643,0.92635577917099,275,541.995361328125,172.58177185058594,0.0017258177977055311
2,1e-05,0.4308108687400818,0.9190229773521423,280,542.4005126953125,170.57083129882812,0.0017057082150131464
2,1e-05,0.4299009442329407,0.92635577917099,285,543.5866088867188,168.5687713623047,0.0016856876900419593
2,1e-05,0.42929935455322266,0.92635577917099,290,545.3973999023438,166.71942138671875,0.001667194301262498
2,1e-05,0.4289036691188812,0.92635577917099,295,546.2819213867188,164.80267333984375,0.0016480267513543367
2,1e-05,0.4317680597305298,0.92635577917099,300,547.0477294921875,162.930908203125,0.0016293090302497149
2,1e-05,0.42939379811286926,0.92635577917099,305,550.0303955078125,161.11793518066406,0.0016111793229356408
2,1e-05,0.4312683939933777,0.9190229773521423,310,549.018798828125,159.2711639404297,0.0015927115455269814
2,1e-05,0.4291624426841736,0.92635577917099,315,548.5775756835938,157.54415893554688,0.0015754415653645992
2,1e-05,0.43132710456848145,0.92635577917099,320,553.3882446289062,155.47914123535156,0.0015547913499176502
2,1e-05,0.4290761947631836,0.92635577917099,325,554.004638671875,153.25729370117188,0.0015325730200856924
2,1e-05,0.42944952845573425,0.92635577917099,330,555.017578125,150.99305725097656,0.0015099304728209972
2,1e-05,0.4300788342952728,0.92635577917099,335,559.6741333007812,148.90611267089844,0.0014890609309077263
2,1e-05,0.4302127957344055,0.9190229773521423,340,561.720947265625,146.61093139648438,0.0014661091845482588
2,1e-05,0.43346238136291504,0.92635577917099,345,564.5067138671875,144.59877014160156,0.0014459877274930477
2,1e-05,0.42999565601348877,0.9190229773521423,350,568.2294921875,142.620849609375,0.001426208415068686
2,1e-05,0.4290831387042999,0.92635577917099,355,569.531005859375,140.47103881835938,0.001404710579663515
2,1e-05,0.42906418442726135,0.92635577917099,360,572.0701904296875,138.50344848632812,0.0013850345276296139
2,1e-05,0.42920994758605957,0.92635577917099,365,576.1796875,136.7159423828125,0.001367159653455019
2,1e-05,0.4299187958240509,0.9190229773521423,370,571.8651123046875,134.7283935546875,0.0013472838327288628
2,1e-05,0.4288601577281952,0.92635577917099,375,580.8168334960938,132.40042114257812,0.0013240042608231306
2,1e-05,0.4303339719772339,0.92635577917099,380,591.9181518554688,129.8528289794922,0.0012985283974558115
2,1e-05,0.4325016736984253,0.92635577917099,385,594.818115234375,128.06320190429688,0.0012806318700313568
2,1e-05,0.42895495891571045,0.92635577917099,390,599.9599609375,126.59943389892578,0.0012659943895414472
2,1e-05,0.43197256326675415,0.92635577917099,395,601.2904052734375,124.56389617919922,0.001245638937689364
2,1e-05,0.4289659261703491,0.92635577917099,400,601.459228515625,122.83792114257812,0.0012283792020753026
2,1e-05,0.4300203025341034,0.92635577917099,405,617.9791259765625,120.60623168945312,0.0012060622684657574
2,1e-05,0.42911797761917114,0.92635577917099,410,623.852294921875,118.07393646240234,0.001180739258415997
2,1e-05,0.4340778589248657,0.92635577917099,415,623.2894897460938,115.35027313232422,0.0011535027297213674
2,1e-05,0.43032291531562805,0.92635577917099,420,630.7664794921875,112.63067626953125,0.0011263067135587335
2,1e-05,0.4337543845176697,0.92635577917099,425,630.6766967773438,110.59437561035156,0.0011059436947107315
2,1e-05,0.4293336272239685,0.92635577917099,430,629.718505859375,109.11802673339844,0.0010911802528426051
2,1e-05,0.4374539256095886,0.92635577917099,435,633.4218139648438,107.12307739257812,0.0010712307412177324
2,1e-05,0.42896202206611633,0.92635577917099,440,637.6632080078125,105.70504760742188,0.0010570504236966372
2,1e-05,0.4564880430698395,0.9261975288391113,445,647.4384155273438,103.94803619384766,0.001039480441249907
2,1e-05,0.429921954870224,0.9190229773521423,450,680.5230102539062,102.59351348876953,0.0010259350528940558
2,1e-05,0.43916556239128113,0.92635577917099,455,679.375732421875,101.42098236083984,0.0010142098180949688
2,1e-05,0.42935478687286377,0.92635577917099,460,678.3213500976562,100.09061431884766,0.0010009061079472303
2,1e-05,0.4375137984752655,0.92635577917099,465,685.080810546875,98.71894073486328,0.00098718935623765
2,1e-05,0.4332297146320343,0.92635577917099,470,687.57177734375,96.81231689453125,0.0009681232040748
2,1e-05,0.43437865376472473,0.9190229773521423,475,720.4155883789062,95.43283081054688,0.0009543282212689519
2,1e-05,0.42914414405822754,0.92635577917099,480,718.8706665039062,94.07190704345703,0.0009407190955244005
2,1e-05,0.43714287877082825,0.92635577917099,485,725.9169921875,93.58541107177734,0.000935854041017592
2,1e-05,0.4291808605194092,0.92635577917099,490,731.3868408203125,92.66455078125,0.0009266455890610814
2,1e-05,0.429228276014328,0.92635577917099,495,726.2941284179688,91.87103271484375,0.0009187102550640702
2,1e-05,0.43298840522766113,0.9190229773521423,500,734.75146484375,91.37777709960938,0.0009137776796706021
2,1e-05,0.42983925342559814,0.92635577917099,505,743.596923828125,90.9832763671875,0.0009098327718675137
2,1e-05,0.42915022373199463,0.92635577917099,510,766.314208984375,89.57064056396484,0.0008957064128480852
2,1e-05,0.4399436116218567,0.92635577917099,515,785.213623046875,89.31266784667969,0.0008931266493164003
2,1e-05,0.4300771653652191,0.9190229773521423,520,817.8990478515625,89.55421447753906,0.0008955420926213264
2,1e-05,0.4318746030330658,0.92635577917099,525,824.2012329101562,89.02888488769531,0.000890288851223886
