model_num,loss,accuracy,epoch,l2,l0,re loss
1,0.005849211942404509,0.9999999403953552,5,279.08713409800987,144.67999267578125,0.144679993391037
1,0.001848566927947104,0.9999999403953552,10,607.0208511165613,114.77693939208984,0.11477693915367126
1,0.0009645771933719516,0.9999999403953552,15,870.8592749912997,96.43212890625,0.09643213450908661
1,0.0005987638724036515,0.9999999403953552,20,1056.8341179887452,83.05956268310547,0.08305957168340683
1,0.0004130306770093739,0.9999999403953552,25,1183.5715797637506,74.41754150390625,0.07441754639148712
1,0.00030913413502275944,0.9999999403953552,30,1279.5303896625846,66.7314453125,0.06673145294189453
1,0.000226722244406119,0.9999999403953552,35,1372.8653901240286,61.07014465332031,0.06107014790177345
1,0.00016436405712738633,0.9999999403953552,40,1445.0409160003824,57.297935485839844,0.05729793757200241
1,0.00013031151320319623,0.9999999403953552,45,1487.27200801249,54.64577102661133,0.05464576929807663
1,0.00010546213889028877,0.9999999403953552,50,1530.2688580624117,52.4011116027832,0.052401114255189896
1,8.574384992243722e-05,0.9999999403953552,55,1560.1109914756503,50.701202392578125,0.05070120841264725
1,7.459788321284577e-05,0.9999999403953552,60,1586.328297966173,49.01806640625,0.04901806637644768
1,6.439118442358449e-05,0.9999999403953552,65,1611.493246540009,47.54458999633789,0.04754459112882614
1,5.736125967814587e-05,0.9999999403953552,70,1632.7801966842608,46.08403015136719,0.046084027737379074
1,5.035862704971805e-05,0.9999999403953552,75,1654.230393857815,44.92205047607422,0.044922053813934326
1,3.0183578928699717e-05,0.9999999403953552,80,1695.6887762728907,43.91499328613281,0.04391499608755112
1,2.6893638278124854e-05,0.9999999403953552,85,1713.6209564483556,42.5874137878418,0.042587414383888245
1,2.4213115466409363e-05,0.9999999403953552,90,1731.68302786948,41.523983001708984,0.04152398556470871
1,2.1905461835558526e-05,0.9999999403953552,95,1753.522938531975,40.644630432128906,0.040644630789756775
1,1.6027763194870204e-05,0.9999999403953552,100,1773.2076255030438,40.027137756347656,0.04002714157104492
1,5.110881102154963e-05,0.9999999403953552,105,1773.401393240568,39.23921203613281,0.03923921287059784
1,4.040616113343276e-05,0.9999999403953552,110,1792.1474232261712,38.52466583251953,0.03852466866374016
1,3.167389877489768e-05,0.9999999403953552,115,1807.4474766996855,38.057830810546875,0.038057830184698105
1,2.5685319997137412e-05,0.9999999403953552,120,1818.7337752296817,37.76286315917969,0.03776286542415619
1,2.079604564642068e-05,0.9999999403953552,125,1827.9954516806251,37.57036590576172,0.03757036477327347
1,8.021028406801634e-06,0.9999999403953552,130,1864.0346264110285,37.47429656982422,0.03747429698705673
1,7.505755547754234e-06,0.9999999403953552,135,1867.1102102088557,37.38025665283203,0.03738025948405266
1,6.808619673392968e-06,0.9999999403953552,140,1869.1348041464948,37.326805114746094,0.037326812744140625
1,6.385292181221303e-06,0.9999999403953552,145,1869.172026007781,37.27492904663086,0.037274930626153946
1,5.932671228947584e-06,0.9999999403953552,150,1869.03139517433,37.221229553222656,0.037221234291791916
1,5.691204478353029e-06,0.9999999403953552,155,1868.0084113804164,37.15187072753906,0.037151873111724854
1,5.542700364458142e-06,0.9999999403953552,160,1868.8407423511803,37.04145812988281,0.03704145923256874
1,5.709486231353367e-06,0.9999999403953552,165,1869.336216920054,36.679317474365234,0.03667931631207466
1,8.369559509446844e-06,0.9999999403953552,170,1884.6482525944466,35.9508171081543,0.03595081716775894
1,1.134268404712202e-05,0.9999999403953552,175,1900.6639650476955,35.337093353271484,0.035337094217538834
1,8.651059033581987e-06,0.9999999403953552,180,1911.6080572760188,35.223167419433594,0.03522317111492157
1,6.43745170236798e-06,0.9999999403953552,185,1917.3872672028092,35.15945816040039,0.035159457474946976
1,6.099498477851739e-06,0.9999999403953552,190,1917.4214881095502,34.99626541137695,0.034996263682842255
1,6.607721388718346e-06,0.9999999403953552,195,1929.9220863396517,34.367095947265625,0.03436709940433502
1,3.1407073493028292e-06,0.9999999403953552,200,1959.0101597017717,33.80433654785156,0.033804334700107574
1,3.913696218660334e-06,0.9999999403953552,205,1965.8591407025554,33.16862487792969,0.03316862881183624
1,9.079959454538766e-06,0.9999999403953552,210,1981.4822915794034,32.35612106323242,0.03235612064599991
1,5.4086758609628305e-06,0.9999999403953552,215,2017.9231285975575,31.99372100830078,0.03199372440576553
1,4.775048637384316e-06,0.9999999403953552,220,2024.915666366434,31.719619750976562,0.031719621270895004
1,1.8151844187741517e-06,0.9999999403953552,225,2055.1056052230974,31.4720458984375,0.03147204965353012
1,1.4917696944394265e-06,0.9999999403953552,230,2063.8129935248485,31.24166488647461,0.03124166838824749
1,1.6435810721304733e-06,0.9999999403953552,235,2075.836058766064,31.262331008911133,0.031262338161468506
1,1.6385027947762865e-06,0.9999999403953552,240,2073.9513723701225,31.213844299316406,0.031213846057653427
1,1.6344401956303045e-06,0.9999999403953552,245,2071.1414191358012,31.161361694335938,0.031161362305283546
1,1.4747639625056763e-06,0.9999999403953552,250,2073.802051806312,31.0953426361084,0.031095344573259354
1,2.4736652903811773e-06,0.9999999403953552,255,2069.928000723348,30.792232513427734,0.030792236328125
1,3.817152446572436e-06,0.9999999403953552,260,2074.566534938601,30.13339614868164,0.03013339824974537
1,3.3098440326284617e-06,0.9999999403953552,265,2078.4584734995788,30.186004638671875,0.0301860049366951
1,3.843398644676199e-06,0.9999999403953552,270,2080.47136745942,30.159019470214844,0.03015902079641819
1,1.100149438570952e-05,0.9999999403953552,275,2090.6773649786833,29.362972259521484,0.02936297282576561
1,1.0529731298447587e-05,0.9999999403953552,280,2095.286442833967,29.255640029907227,0.029255639761686325
1,9.20553065952845e-06,0.9999999403953552,285,2096.895690649671,29.144500732421875,0.029144499450922012
1,1.9902543499483727e-05,0.9999999403953552,290,2096.923178117461,28.39248275756836,0.028392482548952103
1,5.1931219786638394e-05,0.9999999403953552,295,2118.0795586580944,27.329174041748047,0.027329174801707268
1,4.532825914793648e-05,0.9999999403953552,300,2142.574189948087,26.46588134765625,0.02646588161587715
1,2.884408058889676e-05,0.9999999403953552,305,2159.581628598999,26.359642028808594,0.026359641924500465
1,2.2487547539640218e-05,0.9999999403953552,310,2164.5419754852064,26.468402862548828,0.02646840363740921
1,1.5128593076951802e-05,0.9999999403953552,315,2180.323517596265,26.46432876586914,0.02646433189511299
1,1.3934305570728611e-05,0.9999999403953552,320,2183.5560150450347,26.432228088378906,0.026432231068611145
1,7.182440185715677e-06,0.9999999403953552,325,2197.7010256962835,26.44559097290039,0.02644558995962143
1,6.095174740039511e-06,0.9999999403953552,330,2205.0055457044723,26.388790130615234,0.02638879045844078
1,5.076656179880956e-06,0.9999999403953552,335,2210.969423214833,26.429475784301758,0.02642947807908058
2,0.005395650397986174,0.9999999403953552,5,300.88028700399417,148.86602783203125,0.14886602759361267
2,0.0018027626210823655,0.9999999403953552,10,580.4179653499856,122.81253814697266,0.12281253933906555
2,0.0009669711580500007,0.9999999403953552,15,790.5116380346914,108.14772033691406,0.10814772546291351
2,0.0006221852963790298,0.9999999403953552,20,912.914081891322,94.699462890625,0.09469946473836899
2,0.0004237226094119251,0.9999999403953552,25,1079.8713693863751,80.2041015625,0.08020409941673279
2,0.00029228016501292586,0.9999999403953552,30,1229.5721191010725,72.22936248779297,0.07222935557365417
2,0.0002238157467218116,0.9999999403953552,35,1309.4847149860993,67.39158630371094,0.06739158928394318
2,0.00017763690266292542,0.9999999403953552,40,1369.1352659047511,62.373600006103516,0.06237360090017319
2,0.0001444399676984176,0.9999999403953552,45,1432.180056504215,57.93671417236328,0.057936716824769974
2,0.00012442911975085735,0.9999999403953552,50,1482.1514387666382,54.79665756225586,0.05479665845632553
2,0.00010355524136684835,0.9999999403953552,55,1526.6471816834674,52.12644958496094,0.0521264523267746
2,8.724957297090441e-05,0.9999999403953552,60,1566.6487218882721,49.662227630615234,0.04966222867369652
2,7.314609683817253e-05,0.9999999403953552,65,1607.1522555758038,47.95612716674805,0.047956131398677826
2,5.2660157962236553e-05,0.9999999403953552,70,1639.497398063249,46.87838363647461,0.0468783862888813
2,5.088794932817109e-05,0.9999999403953552,75,1662.0090006976623,45.75590515136719,0.04575590789318085
2,4.457161412574351e-05,0.9999999403953552,80,1673.960367855489,45.281280517578125,0.04528128355741501
2,4.253384395269677e-05,0.9999999403953552,85,1682.139644466788,44.6927490234375,0.0446927472949028
2,3.243039100198075e-05,0.9999999403953552,90,1699.4569565575907,43.95469284057617,0.04395469278097153
2,2.697390300454572e-05,0.9999999403953552,95,1722.1534016734008,42.780296325683594,0.04278029501438141
2,2.5632438337197527e-05,0.9999999403953552,100,1732.2574705018656,42.2301025390625,0.04223010689020157
2,2.4604414647910744e-05,0.9999999403953552,105,1737.3966706158499,41.592323303222656,0.041592326015233994
2,0.00032601645216345787,0.9999999403953552,110,1735.3680370845475,40.706871032714844,0.040706876665353775
2,0.00011965337034780532,0.9999999403953552,115,1752.3167572071186,40.44816207885742,0.04044816270470619
2,8.539951522834599e-05,0.9999999403953552,120,1764.0957220275352,40.1807746887207,0.04018077254295349
2,3.704176197061315e-05,0.9999999403953552,125,1782.3207059283586,39.920745849609375,0.03992074728012085
2,2.508082070562523e-05,0.9999999403953552,130,1793.8519077061487,39.559173583984375,0.03955917805433273
2,2.0490791939664632e-05,0.9999999403953552,135,1806.8951947435723,39.271026611328125,0.039271030575037
2,1.6779567886260338e-05,0.9999999403953552,140,1819.1131410901148,39.0736198425293,0.03907362371683121
2,1.6398573279730044e-05,0.9999999403953552,145,1825.894546395672,38.89546203613281,0.038895465433597565
2,1.6383157344534993e-05,0.9999999403953552,150,1829.713617551486,38.72056579589844,0.03872056305408478
2,1.5152903870330192e-05,0.9999999403953552,155,1834.649659536502,38.60737991333008,0.03860738128423691
2,1.4511360859614797e-05,0.9999999403953552,160,1842.5628220945769,38.424537658691406,0.0384245365858078
2,2.066990055027418e-05,0.9999999403953552,165,1841.8416251939902,38.26091384887695,0.038260914385318756
2,1.9515327949193306e-05,0.9999999403953552,170,1849.391108341033,38.02956008911133,0.03802955895662308
2,1.6326190234394744e-05,0.9999999403953552,175,1860.3476768398477,37.81025695800781,0.03781025856733322
2,1.5676821931265295e-05,0.9999999403953552,180,1865.733808626311,37.556983947753906,0.03755698353052139
2,7.162835572671611e-06,0.9999999403953552,185,1880.6974980387145,37.40097427368164,0.037400975823402405
2,7.879634722485207e-06,0.9999999403953552,190,1882.2618215507514,37.215030670166016,0.03721503168344498
2,6.580779427167727e-06,0.9999999403953552,195,1893.5242769884599,37.08712387084961,0.037087127566337585
2,6.654375738435192e-06,0.9999999403953552,200,1898.5764748183994,36.92724609375,0.036927249282598495
2,6.5040994741139e-06,0.9999999403953552,205,1906.2601627140548,36.780757904052734,0.03678075969219208
2,6.673849838989554e-06,0.9999999403953552,210,1908.7141216444793,36.62189483642578,0.03662189841270447
2,6.980502348596929e-06,0.9999999403953552,215,1910.7946613634913,36.46215057373047,0.03646215423941612
2,7.812874173396267e-06,0.9999999403953552,220,1912.5156784811475,36.24298858642578,0.03624298796057701
2,9.541654435452074e-06,0.9999999403953552,225,1920.1257414243064,35.51348876953125,0.035513486713171005
2,8.565539246774279e-06,0.9999999403953552,230,1928.4674822828351,35.176292419433594,0.035176295787096024
2,5.6694498198339716e-05,0.9999999403953552,235,1951.1471851211763,34.66010284423828,0.03466010093688965
2,5.3504812967730686e-05,0.9999999403953552,240,1967.6266623791812,34.142738342285156,0.034142740070819855
2,3.478789221844636e-05,0.9999999403953552,245,1985.1951586329192,33.80072021484375,0.033800721168518066
2,2.4292859961860813e-05,0.9999999403953552,250,1995.6462409228689,33.528602600097656,0.033528607338666916
2,1.7796319298213348e-05,0.9999999403953552,255,2002.6198626093405,33.29928970336914,0.033299289643764496
2,1.23664476632257e-05,0.9999999403953552,260,2013.0051275397595,33.20379638671875,0.03320379927754402
2,4.98061599500943e-05,0.9999999403953552,265,2014.3766239985057,33.11781311035156,0.03311781585216522
2,6.450514047173783e-05,0.9999999403953552,270,2021.5664165329074,33.056922912597656,0.033056922256946564
2,4.385780994198285e-05,0.9999999403953552,275,2031.3935013282007,33.000762939453125,0.03300076350569725
2,3.4045198844978586e-05,0.9999999403953552,280,2039.8995900890277,32.95301818847656,0.032953016459941864
2,2.711322667892091e-05,0.9999999403953552,285,2048.7063881047006,32.93695831298828,0.032936956733465195
2,2.013944322243333e-05,0.9999999403953552,290,2054.4540589707813,32.89618682861328,0.03289618715643883
2,1.7201049558934756e-05,0.9999999403953552,295,2057.219490255069,32.83583068847656,0.032835833728313446
2,1.864162550191395e-05,0.9999999403953552,300,2059.9871190044864,32.61178970336914,0.03261179476976395
2,2.1484245735337026e-05,0.9999999403953552,305,2067.276439112907,31.93934440612793,0.031939346343278885
2,1.1969127626798581e-05,0.9999999403953552,310,2075.5869102909755,31.863800048828125,0.031863804906606674
2,1.1707894373103045e-05,0.9999999403953552,315,2077.7246859550755,31.710887908935547,0.03171088919043541
2,1.4910133359080646e-05,0.9999999403953552,320,2091.1836389780738,30.82857322692871,0.030828576534986496
2,1.211026574310381e-05,0.9999999403953552,325,2096.569291018912,30.796188354492188,0.030796192586421967
2,1.02264075394487e-05,0.9999999403953552,330,2099.436612924234,30.758625030517578,0.030758624896407127
2,3.373092795300181e-06,0.9999999403953552,335,2108.1719529175048,30.756370544433594,0.030756372958421707
2,3.2592461138847284e-06,0.9999999403953552,340,2109.286161278522,30.709583282470703,0.030709585174918175
2,3.7143818190088496e-06,0.9999999403953552,345,2106.729935225823,30.583457946777344,0.0305834598839283
2,4.619669653038727e-06,0.9999999403953552,350,2120.8157956358286,29.736080169677734,0.029736079275608063
2,4.017956598545425e-06,0.9999999403953552,355,2127.2178596319036,29.695419311523438,0.0296954195946455
2,3.375679852979374e-06,0.9999999403953552,360,2131.2159715367375,29.66284942626953,0.029662849381566048
2,2.5584206468920456e-06,0.9999999403953552,365,2139.0141023122537,29.654239654541016,0.029654238373041153
2,8.797640475677326e-06,0.9999999403953552,370,2137.7699095996218,29.63471031188965,0.029634714126586914
2,3.7705311115132645e-05,0.9999999403953552,375,2140.9608535863144,28.79107093811035,0.028791073709726334
2,2.8538837796077132e-05,0.9999999403953552,380,2153.8896155358693,28.6889705657959,0.02868897095322609
2,2.6362078642705455e-05,0.9999999403953552,385,2162.516182054021,28.672832489013672,0.028672832995653152
2,2.2211417672224343e-05,0.9999999403953552,390,2167.681678441277,28.668289184570312,0.028668290004134178
2,1.962421629286837e-05,0.9999999403953552,395,2174.3788082379037,28.65359115600586,0.028653590008616447
2,1.8050164726446383e-05,0.9999999403953552,400,2180.875784436227,28.64867401123047,0.028648674488067627
2,1.710364995233249e-05,0.9999999403953552,405,2182.0296894932294,28.640365600585938,0.028640365228056908
2,1.5627605534973554e-05,0.9999999403953552,410,2190.2229787563665,28.642475128173828,0.028642475605010986
2,1.3998825124872383e-05,0.9999999403953552,415,2192.6083375633407,28.627395629882812,0.028627395629882812
2,1.2885770956927445e-05,0.9999999403953552,420,2199.301752148431,28.631927490234375,0.02863192930817604
2,1.065096785168862e-05,0.9999999403953552,425,2202.1298512029603,28.618253707885742,0.028618253767490387
2,1.0882984497584403e-05,0.9999999403953552,430,2205.9567723932923,28.592559814453125,0.028592562302947044
2,9.955280802387279e-06,0.9999999403953552,435,2213.3480666852142,28.587379455566406,0.028587380424141884
2,8.416432137892116e-06,0.9999999403953552,440,2217.446704403151,28.635313034057617,0.028635313734412193
2,7.0249661803245544e-06,0.9999999403953552,445,2226.1435584194533,28.597017288208008,0.028597019612789154
2,6.861564543214627e-06,0.9999999403953552,450,2228.563343680001,28.58043670654297,0.0285804383456707
2,5.961587703495752e-06,0.9999999403953552,455,2235.300618368628,28.602100372314453,0.028602100908756256
2,5.149421212991001e-06,0.9999999403953552,460,2240.398419148214,28.605255126953125,0.028605256229639053
2,4.8839146984391846e-06,0.9999999403953552,465,2243.2910867694222,28.582443237304688,0.028582444414496422
2,4.54817563877441e-06,0.9999999403953552,470,2248.3428770968603,28.57845687866211,0.02857845649123192
2,4.380394784675445e-06,0.9999999403953552,475,2249.006840977989,28.568126678466797,0.028568126261234283
2,3.2617988381389296e-06,0.9999999403953552,480,2258.8796166361403,28.575496673583984,0.02857549861073494
2,3.07873597193975e-06,0.9999999403953552,485,2260.092459525466,28.554784774780273,0.02855478599667549
2,2.840505430867779e-06,0.9999999403953552,490,2262.6173343864048,28.545127868652344,0.02854512818157673
2,2.643941343194456e-06,0.9999999403953552,495,2264.6286139256595,28.530712127685547,0.02853071503341198
2,2.490586666681338e-06,0.9999999403953552,500,2271.0525905114423,28.520034790039062,0.02852003462612629
2,2.4833736915752525e-06,0.9999999403953552,505,2272.5306167032004,28.502119064331055,0.028502121567726135
2,2.348202542634681e-06,0.9999999403953552,510,2280.3092710115147,28.48727798461914,0.028487280011177063
2,2.1790058326587314e-06,0.9999999403953552,515,2285.553445706414,28.463804244995117,0.028463803231716156
2,1.6121241515065776e-06,0.9999999403953552,520,2293.05759613739,28.495147705078125,0.028495147824287415
2,1.5316294366130023e-06,0.9999999403953552,525,2296.0114978901147,28.479534149169922,0.02847953513264656
2,1.6950292547335266e-06,0.9999999403953552,530,2296.0664588727495,28.415847778320312,0.028415847569704056
2,9.528007467451971e-07,0.9999999403953552,535,2294.1863235249552,28.506759643554688,0.02850675955414772
2,9.16559372399206e-07,0.9999999403953552,540,2307.560950955906,28.477184295654297,0.02847719006240368
2,9.528007467451971e-07,0.9999999403953552,545,2309.2699483242613,28.36440086364746,0.028364401310682297
2,9.656216661824146e-07,0.9999999403953552,550,2320.0879728190635,27.893524169921875,0.02789352461695671
2,1.1335221188346623e-06,0.9999999403953552,555,2329.084619487443,27.339370727539062,0.027339372783899307
2,1.1138595255033579e-06,0.9999999403953552,560,2335.9145312571336,27.29584503173828,0.027295846492052078
2,1.2910688838019269e-06,0.9999999403953552,565,2341.3797837367447,27.19033432006836,0.02719033509492874
2,1.1354295565979555e-06,0.9999999403953552,570,2354.1458091006925,27.058197021484375,0.027058197185397148
2,7.029203175079601e-07,0.9999999403953552,575,2379.0058993801586,26.809125900268555,0.026809126138687134
2,4.92141180075123e-06,0.9999999403953552,580,2383.9827967545334,26.260250091552734,0.0262602511793375
2,8.217821232392453e-06,0.9999999403953552,585,2388.410538690371,26.079345703125,0.026079347357153893
2,6.499050869024359e-06,0.9999999403953552,590,2375.3903344881137,26.331085205078125,0.026331083849072456
2,2.9775521397823468e-05,0.9999999403953552,595,2386.3513696677687,25.371746063232422,0.025371745228767395
2,2.832794052665122e-05,0.9999999403953552,600,2397.8211616466033,25.285350799560547,0.025285352021455765
2,2.5492176064290106e-05,0.9999999403953552,605,2404.750437200868,25.301090240478516,0.025301091372966766
2,2.4231067072832957e-05,0.9999999403953552,610,2407.7906454470753,25.2160587310791,0.025216059759259224
2,3.1523319194093347e-05,0.9999999403953552,615,2414.0712048794694,25.187576293945312,0.025187576189637184
2,3.095438296440989e-05,0.9999999403953552,620,2423.9186600007506,25.070556640625,0.0250705573707819
2,2.8345324608380906e-05,0.9999999403953552,625,2424.4326991623425,24.932754516601562,0.024932757019996643
2,2.700173354241997e-05,0.9999999403953552,630,2428.5205150459424,24.806819915771484,0.02480681985616684
2,2.5892790290527046e-05,0.9999999403953552,635,2434.084734677434,24.673145294189453,0.02467314712703228
2,2.4702256268938072e-05,0.9999999403953552,640,2438.064034189569,24.638151168823242,0.024638153612613678
2,2.3395703465212137e-05,0.9999999403953552,645,2446.8673938214506,24.549560546875,0.024549560621380806
2,2.2858295778860338e-05,0.9999999403953552,650,2461.6884913802373,24.424400329589844,0.02442440204322338
2,2.1480978830368258e-05,0.9999999403953552,655,2476.2135412735424,24.28005599975586,0.024280056357383728
2,2.011125980061479e-05,0.9999999403953552,660,2483.970480498084,24.269065856933594,0.024269068613648415
2,1.8704291505855508e-05,0.9999999403953552,665,2488.371087501415,24.184547424316406,0.02418454736471176
2,1.851197703217622e-05,0.9999999403953552,670,2499.7841617614886,23.375566482543945,0.02337556704878807
2,1.8914855900220573e-05,0.9999999403953552,675,2510.976088060809,23.187501907348633,0.023187503218650818
2,2.4811488401610404e-05,0.9999999403953552,680,2510.9950665007154,23.138683319091797,0.023138687014579773
2,2.5802792151807807e-05,0.9999999403953552,685,2524.6257600406648,23.083145141601562,0.023083144798874855
2,2.8013892006129026e-05,0.9999999403953552,690,2535.2575310828956,23.035118103027344,0.023035120218992233
2,3.899635703419335e-05,0.9999999403953552,695,2537.208318009389,22.994583129882812,0.02299458160996437
2,3.7761688872706145e-05,0.9999999403953552,700,2544.4535178179835,22.921388626098633,0.02292139083147049
2,2.8315929739619605e-05,0.9999999403953552,705,2541.8917359342086,22.897018432617188,0.02289701998233795
2,2.6836778488359414e-05,0.9999999403953552,710,2547.406434543746,22.962841033935547,0.022962842136621475
2,2.6167890609940514e-05,0.9999999403953552,715,2549.8779487475617,22.90081787109375,0.022900819778442383
2,2.582660090411082e-05,0.9999999403953552,720,2555.1796550628173,22.842191696166992,0.02284219115972519
2,2.34261042351136e-05,0.9999999403953552,725,2565.873341582374,22.915258407592773,0.02291525900363922
2,2.239977584395092e-05,0.9999999403953552,730,2573.4144292051014,22.858642578125,0.022858642041683197
2,4.06785802624654e-05,0.9999999403953552,735,2565.455419221514,22.887840270996094,0.022887839004397392
2,4.030509808217175e-05,0.9999999403953552,740,2571.988453880652,22.844745635986328,0.022844744846224785
2,3.874564208672382e-05,0.9999999403953552,745,2588.1550000244606,22.859983444213867,0.022859985008835793
2,4.940631697536446e-05,0.9999999403953552,750,2582.7431506865187,22.894176483154297,0.022894177585840225
2,4.249029734637588e-05,0.9999999403953552,755,2587.896053728122,22.890811920166016,0.022890813648700714
2,7.590283348690718e-05,0.9999999403953552,760,2566.5120212879074,22.926761627197266,0.02292676270008087
2,6.711232708767056e-05,0.9999999403953552,765,2574.978630579457,22.90260887145996,0.022902611643075943
2,6.429219502024353e-05,0.9999999403953552,770,2579.07515140377,22.863449096679688,0.022863449528813362
2,6.21029976173304e-05,0.9999999403953552,775,2581.3158536878145,22.833763122558594,0.02283376455307007
2,5.681612674379721e-05,0.9999999403953552,780,2580.1453365005013,22.806455612182617,0.022806454449892044
2,5.556478936341591e-05,0.9999999403953552,785,2585.3120886576116,22.788604736328125,0.022788606584072113
2,5.3236810344969854e-05,0.9999999403953552,790,2590.7856487281024,22.811235427856445,0.02281123585999012
2,5.233031333773397e-05,0.9999999403953552,795,2594.453165357239,22.814388275146484,0.022814389318227768
2,5.1801624067593366e-05,0.9999999403953552,800,2602.8615386225383,22.79514503479004,0.022795144468545914
2,5.019568561692722e-05,0.9999999403953552,805,2601.241690942196,22.75176239013672,0.022751759737730026
2,4.9942034820560366e-05,0.9999999403953552,810,2600.1182793065814,22.7490234375,0.022749023512005806
2,4.8160403821384534e-05,0.9999999403953552,815,2602.592153400196,22.73133087158203,0.02273133210837841
2,4.713497401098721e-05,0.9999999403953552,820,2603.5176358532667,22.740144729614258,0.022740144282579422
2,4.219078618916683e-05,0.9999999403953552,825,2616.6347595007396,22.70714569091797,0.022707145661115646
2,4.082621308043599e-05,0.9999999403953552,830,2619.2738910599255,22.673080444335938,0.02267308346927166
2,3.977921005571261e-05,0.9999999403953552,835,2620.888751174786,22.50965690612793,0.022509658709168434
2,3.887983984895982e-05,0.9999999403953552,840,2629.854561662457,21.791500091552734,0.021791500970721245
2,3.7590663851005957e-05,0.9999999403953552,845,2636.6861681942255,21.73354721069336,0.021733548492193222
2,3.581361306714825e-05,0.9999999403953552,850,2640.9187792918133,21.738204956054688,0.02173820696771145
2,3.4433029213687405e-05,0.9999999403953552,855,2646.154996800323,21.714645385742188,0.021714646369218826
2,3.163325891364366e-05,0.9999999403953552,860,2644.9830315740655,21.7056884765625,0.021705688908696175
2,0.00010907107935054228,0.9999999403953552,865,2616.998403760566,21.700542449951172,0.021700544282794
2,0.00010605389252305031,0.9999999403953552,870,2617.004451965726,21.71582794189453,0.021715829148888588
2,0.00010098831990035251,0.9999999403953552,875,2614.6331325616043,21.714534759521484,0.021714534610509872
2,9.860350110102445e-05,0.9999999403953552,880,2622.181604402806,21.696414947509766,0.021696414798498154
2,9.815915109356865e-05,0.9999999403953552,885,2633.0981816318827,21.703264236450195,0.021703263744711876
2,0.00011707969679264352,0.9999999403953552,890,2644.9265984535464,21.705509185791016,0.02170551009476185
2,0.00012075700215063989,0.9999999403953552,895,2649.274293129474,21.69316864013672,0.021693170070648193
2,0.00010781693708850071,0.9999999403953552,900,2654.8557420220636,21.70058822631836,0.02170058712363243
2,9.971877443604171e-05,0.9999999403953552,905,2664.283222887915,21.68344497680664,0.02168344520032406
2,9.049327491084114e-05,0.9999999403953552,910,2672.6132806877804,21.812294006347656,0.02181229367852211
2,8.952272037276998e-05,0.9999999403953552,915,2674.3884034602224,21.80063819885254,0.021800637245178223
2,8.400770457228646e-05,0.9999999403953552,920,2683.024634589173,21.87936019897461,0.02187936194241047
2,8.1592210335657e-05,0.9999999403953552,925,2688.366591425364,21.85525894165039,0.02185526117682457
2,6.984703941270709e-05,0.9999999403953552,930,2682.358994133708,21.884737014770508,0.021884735673666
2,7.043623918434605e-05,0.9999999403953552,935,2686.764770438933,21.881797790527344,0.021881800144910812
2,7.019996701274067e-05,0.9999999403953552,940,2690.44957982815,21.856449127197266,0.02185644954442978
2,6.985649088164791e-05,0.9999999403953552,945,2699.8912468112703,21.812660217285156,0.02181266061961651
2,6.621557986363769e-05,0.9999999403953552,950,2711.2156065683234,21.775442123413086,0.021775443106889725
2,6.286626739893109e-05,0.9999999403953552,955,2714.936523271878,21.759981155395508,0.021759983152151108
2,6.167385436128825e-05,0.9999999403953552,960,2733.263743263313,21.743350982666016,0.021743351593613625
2,6.18620979366824e-05,0.9999999403953552,965,2739.878001069766,21.73472785949707,0.021734725683927536
2,6.574319559149444e-05,0.9999999403953552,970,2714.7624742867265,21.734983444213867,0.02173498459160328
2,6.457069684984162e-05,0.9999999403953552,975,2725.85057938954,21.698936462402344,0.021698936820030212
2,6.498301081592217e-05,0.9999999403953552,980,2747.005935897661,21.69296646118164,0.021692968904972076
2,6.314245547400787e-05,0.9999999403953552,985,2753.534602093254,21.652019500732422,0.021652020514011383
2,5.894844071008265e-05,0.9999999403953552,990,2759.583116129046,21.631404876708984,0.021631404757499695
2,6.850565841887146e-05,0.9999999403953552,995,2768.1711957597417,21.643192291259766,0.02164319157600403
2,6.294058403000236e-05,0.9999999403953552,1000,2783.996127655434,21.708385467529297,0.02170838601887226
3,0.003909135702997446,1.0,5,326.3595738729334,134.55897521972656,0.13455897569656372
3,0.0012087906943634152,1.0,10,708.391907200714,110.10775756835938,0.11010777205228806
3,0.0006607131799682975,1.0,15,885.4434559980322,99.05433654785156,0.09905433654785156
3,0.00041776744183152914,1.0,20,994.8171220691423,88.83639526367188,0.08883640170097351
3,0.00031231765751726925,1.0,25,1103.6086901307551,79.13308715820312,0.07913309335708618
3,0.00021451448264997452,1.0,30,1229.4694370794614,69.59587860107422,0.06959588080644608
3,0.00015843621804378927,1.0,35,1338.4542049838567,63.187835693359375,0.0631878450512886
3,0.00012010857608402148,1.0,40,1416.8164297557485,59.772335052490234,0.05977233499288559
3,8.119640551740304e-05,1.0,45,1478.2993500348102,57.56848907470703,0.05756848677992821
3,6.896271952427924e-05,1.0,50,1510.4370190648763,55.029640197753906,0.055029645562171936
3,6.223248783499002e-05,1.0,55,1536.6872090662491,53.00166320800781,0.05300166830420494
3,4.5885652070865035e-05,1.0,60,1577.0512171686314,51.982696533203125,0.05198270082473755
3,3.9701499190414324e-05,1.0,65,1599.1429599499015,50.98060989379883,0.05098061263561249
3,3.531436959747225e-05,1.0,70,1613.24482178492,50.2969970703125,0.050297003239393234
3,2.9207814804976806e-05,1.0,75,1629.9061032352943,49.62069320678711,0.049620695412158966
3,2.70548425760353e-05,1.0,80,1643.8239329588082,48.600589752197266,0.04860059544444084
3,2.4493010641890578e-05,1.0,85,1660.4522048896283,47.604591369628906,0.04760459065437317
3,1.7731563275447115e-05,1.0,90,1683.7689839038185,46.991363525390625,0.046991366893053055
3,1.5405767044285312e-05,1.0,95,1697.412307688597,46.572811126708984,0.046572811901569366
3,1.4829338397248648e-05,1.0,100,1704.4854929095377,46.154541015625,0.04615454375743866
3,1.3975706679048017e-05,1.0,105,1713.2260600032837,45.64681625366211,0.04564681649208069
3,1.2719212463707663e-05,1.0,110,1721.4687236471498,45.211708068847656,0.045211710035800934
3,1.0480575838300865e-05,1.0,115,1731.1210415752762,44.96399688720703,0.04496400058269501
3,9.66812513070181e-06,1.0,120,1736.6954499219503,44.766624450683594,0.0447666235268116
3,2.0844370737904683e-05,1.0,125,1733.0345417216656,44.70798110961914,0.04470798373222351
3,2.1861471395823173e-05,1.0,130,1741.6078326876916,44.69179916381836,0.04469180107116699
3,1.8285685655428097e-05,1.0,135,1746.2289033352267,44.64336395263672,0.04464337229728699
3,1.559342308610212e-05,1.0,140,1747.4464338008102,44.58787536621094,0.0445878766477108
3,1.3575459888670594e-05,1.0,145,1750.012783763981,44.554725646972656,0.04455472528934479
3,1.230510952154873e-05,1.0,150,1749.0361258052606,44.47465133666992,0.04447465389966965
3,1.0230916814180091e-05,1.0,155,1754.4632555649318,44.37892150878906,0.04437892511487007
3,9.074011359189171e-06,1.0,160,1754.4267410652778,44.219810485839844,0.044219810515642166
3,7.476658993255114e-06,1.0,165,1756.9052541419815,43.98796844482422,0.043987974524497986
3,6.671394658042118e-06,1.0,170,1757.2424481646394,43.6759033203125,0.04367590695619583
3,5.78091658098856e-06,1.0,175,1759.8589823354403,43.33433532714844,0.04333433508872986
3,2.996262082888279e-06,1.0,180,1782.189082128271,43.02742385864258,0.043027423322200775
3,2.8102617761760484e-06,1.0,185,1791.6961654221293,42.65086364746094,0.04265086352825165
3,1.2469070043152897e-06,1.0,190,1814.9506212534723,42.390533447265625,0.04239053651690483
3,1.1813136779892375e-06,1.0,195,1821.758269645537,42.08592224121094,0.0420859232544899
3,1.1229066103624064e-06,1.0,200,1823.923738105418,41.76012420654297,0.041760124266147614
3,1.5329529787777574e-06,1.0,205,1829.7184177076929,41.26316833496094,0.041263170540332794
3,3.6767851270269603e-06,1.0,210,1846.8188447379027,40.49961853027344,0.04049961641430855
3,3.993513928435277e-06,1.0,215,1862.905973231221,40.03010177612305,0.0400301069021225
3,1.112252357415855e-05,1.0,220,1874.2400106728082,39.637245178222656,0.0396372452378273
3,5.205278648645617e-05,1.0,225,1885.614835153115,38.55895233154297,0.0385589525103569
3,2.0142873836448416e-05,1.0,230,1908.5905670924592,37.98662567138672,0.0379866287112236
3,1.4957216990296729e-05,1.0,235,1920.2732487489275,37.331336975097656,0.03733133524656296
3,1.4898824701958802e-05,1.0,240,1941.8728192002484,35.94242477416992,0.035942427814006805
3,1.1113304026366677e-05,1.0,245,1954.651250539906,35.29236602783203,0.0352923646569252
3,6.912951448612148e-06,1.0,250,1971.6027748922324,34.79676818847656,0.03479677438735962
3,4.765981429954991e-06,1.0,255,1982.9756542391897,34.50384521484375,0.03450384736061096
3,1.013279188555316e-06,1.0,260,2024.035153679693,34.33512878417969,0.03433512896299362
3,4.439953954715747e-06,1.0,265,2033.0116901315046,33.49238967895508,0.03349239006638527
3,1.132488591792935e-06,1.0,270,2077.225656867673,33.28431701660156,0.033284321427345276
3,1.0424828360555694e-06,1.0,275,2083.2960930665977,33.16441345214844,0.033164411783218384
3,1.0716862561821472e-06,1.0,280,2081.246183447455,32.92874526977539,0.03292874991893768
3,1.2516981087173917e-06,1.0,285,2081.9194330437595,32.35521697998047,0.03235521912574768
3,2.292984390805941e-06,1.0,290,2086.0947874871795,31.75800132751465,0.03175800293684006
3,5.572449936153134e-06,1.0,295,2097.3962393690827,31.021438598632812,0.031021442264318466
3,3.842709702439606e-06,1.0,300,2116.674188288802,30.28348159790039,0.030283480882644653
3,4.56035922979936e-06,1.0,305,2124.6742968287904,29.349361419677734,0.02934936247766018
3,3.457072352830437e-06,1.0,310,2154.373203903652,28.137985229492188,0.02813798561692238
3,3.009438160006539e-06,1.0,315,2177.8796587898914,26.72840118408203,0.026728402823209763
3,6.168492291180883e-06,1.0,320,2210.3476894359687,25.5213565826416,0.025521358475089073
3,3.6650897072831867e-06,1.0,325,2232.1397240120727,25.285640716552734,0.025285642594099045
3,2.2357737634592922e-06,1.0,330,2255.078973645104,25.197431564331055,0.025197431445121765
3,1.311302526119107e-06,1.0,335,2273.6268165595175,25.153335571289062,0.02515333704650402
3,1.1032849442926818e-06,1.0,340,2277.9979270753497,25.125629425048828,0.02512563019990921
3,9.536745437799254e-07,1.0,345,2281.074874342978,25.112092971801758,0.02511209435760975
3,8.064594680945447e-07,1.0,350,2285.098817090658,25.100969314575195,0.02510097064077854
3,6.252499815673218e-07,1.0,355,2292.244540660731,25.088394165039062,0.025088394060730934
3,5.364418598219345e-07,1.0,360,2298.338347412265,25.073776245117188,0.02507377788424492
3,3.8802909330115654e-07,1.0,365,2301.919682493783,25.053409576416016,0.02505340799689293
3,3.284244485257659e-07,1.0,370,2308.9122909238185,25.02423095703125,0.025024231523275375
3,3.284244485257659e-07,1.0,375,2310.1508665733945,24.966323852539062,0.024966321885585785
3,1.788139485370266e-07,1.0,380,2324.838459314702,24.7793025970459,0.02477930299937725
3,1.4721501884196186e-07,1.0,385,2352.558602956037,24.37531089782715,0.0243753120303154
3,-0.0,1.0,390,2399.8153281249065,24.396032333374023,0.024396033957600594
3,5.960464477539063e-08,1.0,395,2369.8720085994273,24.403289794921875,0.024403290823101997
3,5.960464477539063e-08,1.0,400,2377.136750636048,24.436386108398438,0.024436388164758682
3,1.4721501884196186e-07,1.0,405,2358.228356208829,24.420284271240234,0.02442028559744358
3,-0.0,1.0,410,2415.375645499463,24.46595001220703,0.024465948343276978
3,-0.0,1.0,415,2408.3909041820402,24.4451904296875,0.024445191025733948
3,-0.0,1.0,420,2415.2525847875786,24.423553466796875,0.02442355453968048
3,-0.0,1.0,425,2422.0670049531427,24.39422607421875,0.02439422532916069
3,2.4717990072531393e-06,1.0,430,2410.48163440255,24.232940673828125,0.024232938885688782
3,3.245463858547737e-06,1.0,435,2433.732331914248,24.091114044189453,0.024091113358736038
3,3.097051148870378e-06,1.0,440,2434.178893787544,24.06788444519043,0.024067888036370277
3,2.3525894903286826e-06,1.0,445,2439.7532110326265,24.015710830688477,0.02401571162045002
3,2.3817933652026113e-06,1.0,450,2445.6271947956984,23.844575881958008,0.023844577372074127
3,7.444594984917785e-07,1.0,455,2460.465629921868,23.39707374572754,0.02339707501232624
3,3.576279254957626e-07,1.0,460,2482.830616010423,23.259681701660156,0.023259680718183517
3,2.9203457430071467e-08,1.0,465,2501.8287576861844,23.305557250976562,0.023305555805563927
3,2.9203457430071467e-08,1.0,470,2501.462526406265,23.290603637695312,0.02329060435295105
3,2.9203457430071467e-08,1.0,475,2501.009751445978,23.280433654785156,0.023280436173081398
3,2.9203457430071467e-08,1.0,480,2503.0168913748353,23.268014907836914,0.023268016055226326
3,2.9203457430071467e-08,1.0,485,2502.3656125492003,23.251445770263672,0.023251447826623917
3,2.9203457430071467e-08,1.0,490,2504.7999748284856,23.23120880126953,0.023231208324432373
3,1.496104857778846e-07,1.0,495,2450.687022802171,23.150135040283203,0.023150134831666946
3,1.496104857778846e-07,1.0,500,2453.8557255594546,23.114639282226562,0.023114638403058052
3,5.960464477539063e-08,1.0,505,2457.53357787965,23.11634063720703,0.0231163427233696
3,5.960464477539063e-08,1.0,510,2457.8080785103302,23.038616180419922,0.02303861640393734
3,5.960464477539063e-08,1.0,515,2448.0500715576636,22.890954971313477,0.022890957072377205
3,5.8406914860142933e-08,1.0,520,2461.79863411359,22.70150375366211,0.022701505571603775
3,2.9203457430071467e-08,1.0,525,2469.497832124462,22.598388671875,0.02259838953614235
3,2.9203457430071467e-08,1.0,530,2471.9880685621256,22.49365997314453,0.02249366044998169
3,2.9203457430071467e-08,1.0,535,2476.2799297063957,22.433788299560547,0.02243378758430481
4,0.004410280846059322,1.0,5,295.544908820522,144.27349853515625,0.14427350461483002
4,0.00129317760001868,1.0,10,657.2388145796187,111.22970581054688,0.11122971773147583
4,0.0006402369472198188,1.0,15,948.5843537448542,93.15020751953125,0.09315022081136703
4,0.0003821021819021553,1.0,20,1116.515284160641,81.42752075195312,0.08142752945423126
4,0.00026234096731059253,1.0,25,1223.114322001703,74.69976806640625,0.074699766933918
4,0.0001969167497009039,1.0,30,1295.9753045536345,69.33103942871094,0.06933104246854782
4,0.00015229079872369766,1.0,35,1347.565759201317,65.19953918457031,0.06519953161478043
4,0.00011376993643352762,1.0,40,1407.5816068472905,59.782623291015625,0.05978263169527054
4,8.729367255000398e-05,1.0,45,1471.0212043383513,55.82196807861328,0.0558219738304615
4,6.351472256937996e-05,1.0,50,1526.3868533302364,53.37939453125,0.053379397839307785
4,5.3465573728317395e-05,1.0,55,1565.4835547636058,50.787696838378906,0.050787702202796936
4,4.2312742152716964e-05,1.0,60,1601.617892314983,49.13352966308594,0.049133528023958206
4,3.916760397260077e-05,1.0,65,1624.7069818197124,47.62171936035156,0.0476217195391655
4,3.731145989149809e-05,1.0,70,1645.3463181153154,46.39748764038086,0.04639749228954315
4,3.531376569299027e-05,1.0,75,1661.5001245905016,45.23405838012695,0.045234061777591705
4,3.3874865039251745e-05,1.0,80,1684.99048342299,43.824180603027344,0.04382418096065521
4,1.4316814485937357e-05,1.0,85,1733.8179739446077,43.099369049072266,0.04309937357902527
4,1.4140788152872119e-05,1.0,90,1745.1970039006428,42.27056884765625,0.04227056726813316
4,1.324113236478297e-05,1.0,95,1753.3595124699943,41.68056869506836,0.04168057441711426
4,1.4129622286418453e-05,1.0,100,1771.9880655497636,40.556617736816406,0.04055662080645561
4,1.1844603250210639e-05,1.0,105,1785.293471762451,40.252742767333984,0.040252745151519775
4,1.0209656466031447e-05,1.0,110,1795.0188362758606,40.25684356689453,0.04025684669613838
4,8.867151336744428e-06,1.0,115,1795.6750628782177,40.214256286621094,0.040214259177446365
4,7.808222107996698e-06,1.0,120,1796.1191757557715,40.18226623535156,0.04018227010965347
4,7.081796411512187e-06,1.0,125,1798.3251137678817,40.12554168701172,0.04012554511427879
4,1.5665393220842816e-05,1.0,130,1785.8372518095898,39.96906280517578,0.0399690642952919
4,1.6962743757176213e-05,1.0,135,1786.019457420325,39.84073257446289,0.039840735495090485
4,1.3196462532505393e-05,1.0,140,1792.207298883923,39.517799377441406,0.03951779752969742
4,1.2316838365222793e-05,1.0,145,1795.9634181462184,39.106204986572266,0.039106205105781555
4,8.356811122212093e-06,1.0,150,1810.5796101863316,38.93257141113281,0.038932569324970245
4,7.462737812602427e-06,1.0,155,1817.0081432238153,38.757808685302734,0.0387578085064888
4,7.845982509024907e-06,1.0,160,1821.0976716555556,38.504215240478516,0.0385042205452919
4,1.0397824553365353e-05,1.0,165,1843.2739654090124,38.08785629272461,0.038087859749794006
4,1.263719423150178e-05,1.0,170,1868.561502521977,37.514305114746094,0.037514302879571915
4,1.8212147551821545e-05,1.0,175,1876.9455552330926,36.72173309326172,0.03672173619270325
4,9.952262917067856e-05,1.0,180,1870.164454348784,36.09751892089844,0.03609752282500267
4,5.320100171957165e-05,1.0,185,1897.9979462577362,35.7089958190918,0.03570899739861488
4,3.9584803744219244e-05,1.0,190,1911.4264653140071,35.44715881347656,0.03544715791940689
4,2.9383421860984527e-05,1.0,195,1926.6356236247013,35.18939971923828,0.035189397633075714
4,3.0436287488555536e-05,1.0,200,1937.2890530342959,34.84526062011719,0.0348452627658844
4,2.2758387785870582e-05,1.0,205,1942.8264202132234,34.597232818603516,0.034597232937812805
4,1.6000194591470063e-05,1.0,210,1951.980769037169,34.3243293762207,0.03432432934641838
4,1.3769195902568754e-05,1.0,215,1956.1306516260001,33.64564895629883,0.03364564850926399
4,7.283431841642596e-06,1.0,220,1988.8411582024019,32.8720817565918,0.03287208452820778
4,4.913199973088922e-06,1.0,225,2005.519662306479,32.573028564453125,0.03257302939891815
4,4.169537078269059e-06,1.0,230,2008.9563365210008,32.340309143066406,0.032340314239263535
4,3.687115622597048e-06,1.0,235,2011.2067481349009,32.00250244140625,0.03200250118970871
4,3.1278498227038654e-06,1.0,240,2023.0606406871873,30.51238441467285,0.030512388795614243
4,2.4694065814401256e-06,1.0,245,2038.4481681362035,29.999982833862305,0.029999980702996254
4,2.026558831857983e-06,1.0,250,2047.6928855902324,29.90276336669922,0.029902763664722443
4,4.285954673832748e-06,1.0,255,2035.98879173107,29.741464614868164,0.02974146604537964
4,4.609595180227188e-06,1.0,260,2046.437639931299,29.53070068359375,0.029530702158808708
4,5.654079359374009e-06,1.0,265,2081.0390888458624,28.757741928100586,0.028757745400071144
4,3.303875018900726e-06,1.0,270,2108.2870841954723,28.641958236694336,0.0286419577896595
4,2.9490379347407725e-06,1.0,275,2112.195565727311,28.463768005371094,0.02846376784145832
4,2.023768047365593e-06,1.0,280,2123.751505713698,27.876163482666016,0.027876166626811028
4,1.932965233208961e-06,1.0,285,2131.532538530082,27.502685546875,0.02750268578529358
4,1.609326545803924e-06,1.0,290,2139.917097408004,27.321353912353516,0.027321355417370796
4,1.521315084573871e-06,1.0,295,2141.8917678622274,27.133037567138672,0.027133038267493248
4,1.8789429532262147e-06,1.0,300,2147.6085630975485,26.733470916748047,0.02673347294330597
4,1.0984987284246017e-06,1.0,305,2192.120836800827,26.142850875854492,0.026142850518226624
4,7.152558509915252e-07,1.0,310,2218.654135752243,26.05837631225586,0.0260583758354187
4,5.648484489029215e-07,1.0,315,2227.605781433726,26.056304931640625,0.026056304574012756
4,3.8603442931162135e-07,1.0,320,2238.3880550401313,26.012191772460938,0.02601219341158867
4,3.576279254957626e-07,1.0,325,2246.7628426812203,25.974266052246094,0.025974266231060028
4,3.576279254957626e-07,1.0,330,2248.3861869849493,25.94357681274414,0.025943579152226448
4,3.2642978453623073e-07,1.0,335,2250.8350479831156,25.926158905029297,0.02592615969479084
4,2.6961677690451324e-07,1.0,340,2254.673387862798,25.91794204711914,0.025917941704392433
4,1.4761582178834942e-07,1.0,345,2275.6630636356326,25.941265106201172,0.025941265746951103
4,1.1641766661796282e-07,1.0,350,2279.603235625185,25.944364547729492,0.025944365188479424
4,1.1641766661796282e-07,1.0,355,2279.3101033284306,25.939353942871094,0.02593935653567314
4,1.4761582178834942e-07,1.0,360,2284.45612234732,25.984786987304688,0.025984786450862885
4,1.4761582178834942e-07,1.0,365,2282.159229447001,25.97531509399414,0.025975314900279045
4,1.4761582178834942e-07,1.0,370,2279.6189833185585,25.96124839782715,0.025961250066757202
4,1.4761582178834942e-07,1.0,375,2278.543453822981,25.95163917541504,0.02595164068043232
4,5.024521669838578e-07,1.0,380,2232.373882077715,26.063030242919922,0.02606303244829178
4,5.024521669838578e-07,1.0,385,2235.7016471451884,25.980731964111328,0.02598072960972786
4,5.080353844277852e-07,1.0,390,2237.078834597331,25.885498046875,0.025885500013828278
4,7.748604957669158e-07,1.0,395,2249.858224725071,25.697317123413086,0.025697316974401474
4,1.72853560798103e-06,1.0,400,2254.762344982593,25.205575942993164,0.025205574929714203
4,1.72853560798103e-06,1.0,405,2259.59243113039,25.081645965576172,0.02508164569735527
4,1.637732793824398e-06,1.0,410,2265.1031331206245,25.05487823486328,0.02505488134920597
4,1.6093260910565732e-06,1.0,415,2266.2288057871074,25.06931495666504,0.02506931684911251
4,1.6093260910565732e-06,1.0,420,2266.8169704373004,25.051597595214844,0.025051597505807877
4,1.6093260910565732e-06,1.0,425,2267.3413330548306,25.046287536621094,0.02504628896713257
4,1.5185232768999413e-06,1.0,430,2269.6535070088053,25.045711517333984,0.025045713409781456
4,1.4589186321245506e-06,1.0,435,2272.5472149832835,25.04638671875,0.025046389549970627
4,1.4305121567304013e-06,1.0,440,2274.887771368712,25.047935485839844,0.02504793554544449
4,1.4305121567304013e-06,1.0,445,2276.797928653154,25.048789978027344,0.025048788636922836
4,1.339709115200094e-06,1.0,450,2280.0691861833266,25.051677703857422,0.025051679462194443
4,1.339709115200094e-06,1.0,455,2280.99181245482,25.05121612548828,0.025051217526197433
4,1.339709115200094e-06,1.0,460,2280.3423174393392,25.049259185791016,0.02504926174879074
4,1.3113026398059446e-06,1.0,465,2279.6821912255186,25.046897888183594,0.025046899914741516
4,1.3113026398059446e-06,1.0,470,2278.876715526973,25.044652938842773,0.025044653564691544
4,1.2204998256493127e-06,1.0,475,2278.4318490863893,25.042068481445312,0.02504207007586956
4,1.2204998256493127e-06,1.0,480,2281.3062704886224,25.04008674621582,0.02504008822143078
4,1.1920933502551634e-06,1.0,485,2280.043085714612,25.035873413085938,0.025035876780748367
4,1.1920933502551634e-06,1.0,490,2280.3995082820065,25.030603408813477,0.025030605494976044
4,1.6661390418448718e-06,1.0,495,2263.3815600441753,25.023563385009766,0.02502356469631195
4,1.6661390418448718e-06,1.0,500,2263.311764569501,25.017528533935547,0.025017529726028442
4,1.6377325664507225e-06,1.0,505,2267.255267837545,25.00113296508789,0.02500113472342491
4,2.1485598153958563e-06,1.0,510,2271.5459917765784,25.006500244140625,0.025006499141454697
4,2.889431243602303e-06,1.0,515,2272.439446446043,24.90858268737793,0.024908585473895073
4,5.417007196228951e-05,1.0,520,2276.33589340901,24.293899536132812,0.024293899536132812
4,7.639596333319787e-06,1.0,525,2289.3014596753787,24.402095794677734,0.02440210059285164
4,3.3997691843978828e-06,1.0,530,2329.220809809515,24.41398811340332,0.02441398799419403
4,3.609781742852647e-06,1.0,535,2338.023287617995,24.438465118408203,0.024438465014100075
4,4.271018042345531e-06,1.0,540,2342.342355238647,24.339662551879883,0.024339664727449417
4,4.015848389826715e-06,1.0,545,2353.3311073165974,24.217178344726562,0.024217180907726288
4,6.74371176501154e-06,1.0,550,2357.117696963223,23.96158218383789,0.023961583152413368
4,4.3483519220899325e-06,1.0,555,2369.5227143562315,23.768510818481445,0.023768512532114983
4,3.6642925351770828e-06,1.0,560,2378.2344409178086,23.676837921142578,0.023676840588450432
4,3.008640987900435e-06,1.0,565,2383.29387099473,23.648468017578125,0.023648468777537346
4,2.8610247682081535e-06,1.0,570,2388.2817764586043,23.627273559570312,0.023627273738384247
4,2.8610247682081535e-06,1.0,575,2393.637337781725,23.606990814208984,0.02360699325799942
4,1.5082814570632763e-05,1.0,580,2368.6719723707884,23.65239715576172,0.023652397096157074
4,5.817203054903075e-05,1.0,585,2348.254503273642,23.597370147705078,0.023597370833158493
4,5.692588820238598e-05,1.0,590,2352.455458171432,23.588703155517578,0.023588702082633972
4,5.4323252697940916e-05,1.0,595,2360.8743123188783,23.565998077392578,0.023566000163555145
4,5.167497511138208e-05,1.0,600,2367.862984995085,23.539287567138672,0.023539287969470024
4,4.780338713317178e-05,1.0,605,2383.4955006919517,23.514883041381836,0.02351488173007965
4,3.841409125016071e-05,1.0,610,2387.6795312343643,23.57354736328125,0.02357354760169983
4,3.632231164374389e-05,1.0,615,2393.1533182380144,23.53643798828125,0.0235364381223917
4,3.001251934620086e-05,1.0,620,2402.602812970713,23.547176361083984,0.023547178134322166
4,3.319999814266339e-05,1.0,625,2407.8180262624664,23.494686126708984,0.02349468693137169
4,3.4956967283505946e-05,1.0,630,2417.74963196268,23.46101188659668,0.023461012169718742
4,3.13494419970084e-05,1.0,635,2422.592999465993,23.4362850189209,0.023436289280653
4,2.4020780983846635e-05,1.0,640,2426.7170257764133,23.426877975463867,0.023426879197359085
4,2.25278599828016e-05,1.0,645,2429.2781328849887,23.450286865234375,0.02345028705894947
4,1.9550394426914863e-05,1.0,650,2439.0789694604573,23.47808074951172,0.023478081449866295
4,1.7555021258885972e-05,1.0,655,2442.4304119230014,23.486337661743164,0.023486338555812836
4,1.6274911104119383e-05,1.0,660,2446.161244120846,23.47933578491211,0.023479335010051727
4,4.130633169552311e-05,1.0,665,2438.0468161164913,23.530481338500977,0.02353048324584961
4,3.7190766306594014e-05,1.0,670,2444.6402150841736,23.496788024902344,0.02349678985774517
4,4.9648337153485045e-05,1.0,675,2441.116859304797,23.444684982299805,0.023444686084985733
4,4.1008301195688546e-05,1.0,680,2454.9803025382516,23.46414566040039,0.023464147001504898
4,2.7807105652755126e-05,1.0,685,2461.420512427732,23.455364227294922,0.023455366492271423
4,2.3924389097373933e-05,1.0,690,2468.6237491096967,23.464496612548828,0.023464497178792953
4,7.337148417718709e-05,1.0,695,2449.859325963945,23.432296752929688,0.023432297632098198
4,6.261677481234074e-05,1.0,700,2454.9958486463447,23.43584632873535,0.023435847833752632
4,5.4717598686693236e-05,1.0,705,2461.7694323993505,23.476736068725586,0.0234767384827137
4,4.515227192314342e-05,1.0,710,2470.599384598508,23.474210739135742,0.023474210873246193
4,2.658379526110366e-05,1.0,715,2480.8885461346026,23.492984771728516,0.02349298819899559
4,2.4795641365926713e-05,1.0,720,2480.830482968206,23.481090545654297,0.023481089621782303
4,2.1037727492512204e-05,1.0,725,2489.7840807391995,23.478845596313477,0.02347884699702263
4,1.83866959559964e-05,1.0,730,2503.9145226982378,23.535255432128906,0.02353525534272194
4,1.740461084409617e-05,1.0,735,2514.425008464181,23.603126525878906,0.023603128269314766
4,1.5556855942122638e-05,1.0,740,2521.320464482113,23.635913848876953,0.02363591454923153
4,8.88407084858045e-05,1.0,745,2486.9788061324166,23.621707916259766,0.023621708154678345
4,7.568152796011418e-05,1.0,750,2494.8583056165467,23.690258026123047,0.02369025908410549
4,5.735782178817317e-05,1.0,755,2510.6221690123584,23.747684478759766,0.02374768629670143
4,3.776926678256132e-05,1.0,760,2517.73800646493,23.778451919555664,0.023778453469276428
4,3.4948272514157e-05,1.0,765,2517.082278945381,23.76153564453125,0.023761535063385963
4,3.3274220186285675e-05,1.0,770,2525.510534926413,23.72603416442871,0.02372603490948677
4,4.643192369258031e-05,1.0,775,2506.5300856917765,23.762813568115234,0.023762814700603485
4,3.5149420000379905e-05,1.0,780,2510.851116160518,23.77995491027832,0.02377995476126671
4,3.1861916795605794e-05,1.0,785,2524.5897215140903,23.77823829650879,0.023778241127729416
4,2.8285743610467762e-05,1.0,790,2534.218722829545,23.82079315185547,0.023820795118808746
4,2.6943376724375412e-05,1.0,795,2539.781252419103,23.791406631469727,0.02379140630364418
4,3.0401515687117353e-05,1.0,800,2544.0913390852675,23.78460121154785,0.02378460206091404
4,8.082464046310633e-05,1.0,805,2529.971789274252,23.760272979736328,0.023760274052619934
4,5.686597796739079e-05,1.0,810,2546.7612544819344,23.850034713745117,0.023850036785006523
4,3.340272814966738e-05,1.0,815,2557.937537561716,23.966279983520508,0.02396627888083458
4,3.38932586601004e-05,1.0,820,2557.4196472205504,23.949962615966797,0.023949965834617615
4,3.138067768304609e-05,1.0,825,2563.6317318274805,23.938262939453125,0.023938264697790146
4,2.8054504582541995e-05,1.0,830,2569.2465377386347,23.952451705932617,0.023952452465891838
4,2.096087519021239e-05,1.0,835,2581.6234265403905,23.98736572265625,0.023987367749214172
4,1.9831453755614348e-05,1.0,840,2583.6754285142288,23.984054565429688,0.02398405596613884
4,1.9037675883737393e-05,1.0,845,2585.6482435406183,23.980955123901367,0.02398095652461052
4,1.3874518117518164e-05,1.0,850,2596.7366075008445,24.11859893798828,0.02411859855055809
4,9.614810551283881e-06,1.0,855,2592.700840976638,24.12173080444336,0.024121731519699097
4,9.04961780179292e-06,1.0,860,2602.372970889302,24.11737060546875,0.024117372930049896
4,8.848470315570012e-06,1.0,865,2604.6868931040904,24.10275650024414,0.02410275861620903
4,1.142504970630398e-05,1.0,870,2607.952654142106,24.077686309814453,0.02407768741250038
4,9.83031168289017e-06,1.0,875,2611.00171363603,24.15559959411621,0.024155601859092712
4,1.0968784408760257e-05,1.0,880,2611.6953843785936,24.12718391418457,0.024127183482050896
4,1.0569769983703736e-05,1.0,885,2613.6491047517106,24.120073318481445,0.02412007376551628
4,1.032723503158195e-05,1.0,890,2614.6064536234903,24.116230010986328,0.024116232991218567
4,1.0006043339672033e-05,1.0,895,2614.7346484751924,24.112411499023438,0.024112414568662643
4,9.630341082811356e-06,1.0,900,2615.6764516616754,24.108224868774414,0.024108227342367172
4,8.89157126948703e-06,1.0,905,2617.3198226100926,24.103988647460938,0.024103989824652672
4,8.50519154482754e-06,1.0,910,2621.7208921733036,24.10044288635254,0.024100445210933685
4,7.31882528270944e-06,1.0,915,2630.834111136558,24.155170440673828,0.02415517158806324
4,6.726204446749762e-06,1.0,920,2638.186812388501,24.153522491455078,0.02415352314710617
4,6.548370038217399e-06,1.0,925,2638.864640854171,24.145160675048828,0.024145161733031273
4,6.193190984049579e-06,1.0,930,2644.1338779033417,24.145261764526367,0.02414526417851448
4,6.148523425508756e-06,1.0,935,2645.612676748891,24.131465911865234,0.024131467565894127
4,5.993022114125779e-06,1.0,940,2649.7679435221717,24.126314163208008,0.024126317352056503
4,5.829635938425781e-06,1.0,945,2650.890847062878,24.116849899291992,0.02411685138940811
4,5.770520601799944e-06,1.0,950,2650.039799444658,24.108474731445312,0.02410847321152687
4,3.59424484486226e-06,1.0,955,2645.604947561255,24.1444091796875,0.024144411087036133
4,3.320024916320108e-06,1.0,960,2650.447421972655,24.104082107543945,0.024104081094264984
4,3.3116500617325073e-06,1.0,965,2651.1817724178327,24.08777618408203,0.024087777361273766
4,3.1561489777232055e-06,1.0,970,2664.6533334073742,24.079729080200195,0.024079730734229088
4,3.0485959996440215e-06,1.0,975,2669.0529946269635,24.079408645629883,0.02407941035926342
4,2.9014704523433466e-06,1.0,980,2671.0312081751435,24.05877113342285,0.02405877225100994
4,3.812825298155076e-06,1.0,985,2686.2331324864267,24.091732025146484,0.024091731756925583
4,3.3835938211268513e-06,1.0,990,2691.8397831532825,24.03768539428711,0.024037685245275497
4,3.2932809972407995e-06,1.0,995,2693.8558136334677,24.045528411865234,0.02404552698135376
4,2.7472913188830717e-06,1.0,1000,2706.283055785123,24.02275848388672,0.02402275986969471
5,0.0051406631246209145,0.9999999403953552,5,281.83872091896177,153.86639404296875,0.15386641025543213
5,0.0016930742422118783,0.9999999403953552,10,502.0487947804161,128.17178344726562,0.12817180156707764
5,0.000872561358846724,0.9999999403953552,15,751.2196144025481,107.84323120117188,0.10784323513507843
5,0.0005479059182107449,0.9999999403953552,20,941.3323259836416,93.13150024414062,0.09313151240348816
5,0.00038530738675035536,0.9999999403953552,25,1083.6033485880791,82.80986022949219,0.08280986547470093
5,0.0002614801633171737,0.9999999403953552,30,1203.7846427133209,77.11681365966797,0.07711681723594666
5,0.0002032244810834527,0.9999999403953552,35,1267.8107191422196,72.52963256835938,0.072529636323452
5,0.0001618050446268171,0.9999999403953552,40,1322.5825843923014,68.68824768066406,0.06868824362754822
5,0.00013640549150295556,0.9999999403953552,45,1360.2331230194466,65.68423461914062,0.0656842365860939
5,0.00011547004396561533,0.9999999403953552,50,1401.4215061924156,63.615272521972656,0.06361527740955353
5,9.174687147606164e-05,0.9999999403953552,55,1426.6522360487056,62.28940963745117,0.062289416790008545
5,7.797575381118804e-05,0.9999999403953552,60,1443.4394650113022,61.00428771972656,0.061004288494586945
5,5.6614317145431414e-05,0.9999999403953552,65,1460.3446080544331,59.9559440612793,0.05995594710111618
5,4.7170840844046324e-05,0.9999999403953552,70,1471.4538857627444,59.066139221191406,0.05906613916158676
5,4.012544377474114e-05,0.9999999403953552,75,1484.0819368669036,57.961578369140625,0.05796157941222191
5,3.4113047149730846e-05,0.9999999403953552,80,1500.5605616311857,56.83142852783203,0.05683142691850662
5,2.763178781606257e-05,0.9999999403953552,85,1524.2902240511426,56.03120040893555,0.056031204760074615
5,2.3599704945809208e-05,0.9999999403953552,90,1539.4306966159097,55.637054443359375,0.05563705414533615
5,1.9566838091122918e-05,0.9999999403953552,95,1548.298714528979,55.331573486328125,0.05533157289028168
5,1.4761787497263867e-05,0.9999999403953552,100,1559.080095327995,55.08417510986328,0.05508417636156082
5,1.3163535186322406e-05,0.9999999403953552,105,1563.228228968436,54.59342956542969,0.05459342896938324
5,9.225629582942929e-06,0.9999999403953552,110,1586.0571636674993,54.082305908203125,0.05408230796456337
5,8.408324902120512e-06,0.9999999403953552,115,1596.0354956367057,53.27745056152344,0.053277455270290375
5,1.0098480743181426e-05,0.9999999403953552,120,1602.0389259405188,52.157527923583984,0.052157532423734665
5,8.902037734515034e-06,0.9999999403953552,125,1616.2709625617504,51.27586364746094,0.051275867968797684
5,4.639679445972433e-06,0.9999999403953552,130,1644.48159806403,50.528499603271484,0.05052850395441055
5,4.524163614405552e-06,0.9999999403953552,135,1651.6215694268428,49.8809814453125,0.0498809814453125
5,4.406185780680971e-06,0.9999999403953552,140,1656.9421865158783,49.21979522705078,0.049219802021980286
5,3.965995801991085e-06,0.9999999403953552,145,1665.5999135185998,48.513824462890625,0.04851382598280907
5,7.468844614777481e-06,0.9999999403953552,150,1667.4606295345948,47.40318298339844,0.04740319028496742
5,2.184185359510593e-05,0.9999999403953552,155,1686.3134163214668,46.09933090209961,0.046099334955215454
5,1.6244328435277566e-05,0.9999999403953552,160,1714.5603195595938,45.16289520263672,0.04516289383172989
5,1.373417762806639e-05,0.9999999403953552,165,1731.7067366028027,44.38780975341797,0.0443878099322319
5,1.2964961570105515e-05,0.9999999403953552,170,1747.7809410411305,43.777069091796875,0.04377707093954086
5,1.0743278835434467e-05,0.9999999403953552,175,1762.1117715762082,43.21027374267578,0.04321027547121048
5,7.491367341572186e-06,0.9999999403953552,180,1781.5834957920893,42.77489471435547,0.04277489706873894
5,6.828764071542537e-06,0.9999999403953552,185,1790.20256017901,42.251251220703125,0.04225125163793564
5,6.14069213042967e-05,0.9999999403953552,190,1783.2559690015828,41.46312713623047,0.041463132947683334
5,5.201733438298106e-05,0.9999999403953552,195,1796.5116469096197,40.67728805541992,0.04067729040980339
5,4.8925441660685465e-05,0.9999999403953552,200,1813.4821742587249,39.64783477783203,0.03964783251285553
5,4.7145786084001884e-05,0.9999999403953552,205,1827.995198748786,38.93318176269531,0.03893318399786949
5,3.787491004914045e-05,0.9999999403953552,210,1844.735987398918,38.497108459472656,0.038497112691402435
5,3.178198676323518e-05,0.9999999403953552,215,1858.8316693593615,37.75738525390625,0.03775738179683685
5,2.4832648705341853e-05,0.9999999403953552,220,1874.8003095581007,37.20499038696289,0.03720499575138092
5,2.1151909095351584e-05,0.9999999403953552,225,1886.1196713734348,37.013057708740234,0.037013061344623566
5,1.848713327490259e-05,0.9999999403953552,230,1890.9728725854227,36.88556671142578,0.036885567009449005
5,1.639168658584822e-05,0.9999999403953552,235,1893.3398479712127,36.76107406616211,0.036761075258255005
5,1.4487517546513118e-05,0.9999999403953552,240,1895.3108205401013,36.52967834472656,0.03652968257665634
5,1.155145037046168e-05,0.9999999403953552,245,1913.1979889089262,35.706573486328125,0.035706572234630585
5,1.0177495823882055e-05,0.9999999403953552,250,1916.0798473052378,35.543060302734375,0.035543058067560196
5,9.279076948587317e-06,0.9999999403953552,255,1926.577572244801,34.638973236083984,0.03463897481560707
5,8.708231689524837e-06,0.9999999403953552,260,1930.289341651637,34.516571044921875,0.03451657295227051
5,7.032489065750269e-06,0.9999999403953552,265,1939.4095432534325,34.42831802368164,0.034428320825099945
5,6.717300948366756e-06,0.9999999403953552,270,1939.7417518529628,34.328243255615234,0.03432824835181236
5,5.2680288717965595e-06,0.9999999403953552,275,1945.3638006718384,34.32269287109375,0.03432270139455795
5,4.574570994009264e-06,0.9999999403953552,280,1949.1879105557177,34.21561050415039,0.03421561419963837
5,3.7763893487863243e-06,0.9999999403953552,285,1955.153270022683,34.09013748168945,0.03409013897180557
5,3.467574288151809e-06,0.9999999403953552,290,1956.7443175770024,33.96792984008789,0.03396792709827423
5,1.6069992852862924e-05,0.9999999403953552,295,1953.1166729247468,33.554195404052734,0.03355419635772705
5,1.4916340660420246e-05,0.9999999403953552,300,1954.6469909985349,33.3334846496582,0.03333348408341408
5,1.281267759623006e-05,0.9999999403953552,305,1962.6876118993182,32.915931701660156,0.032915931195020676
5,1.057042300089961e-05,0.9999999403953552,310,1977.096669160133,32.53793716430664,0.03253793716430664
5,8.588680429966189e-06,0.9999999403953552,315,1989.9614544324045,32.431732177734375,0.03243172913789749
5,7.492830718547339e-06,0.9999999403953552,320,1992.679758151029,32.352420806884766,0.032352421432733536
5,6.911268428666517e-06,0.9999999403953552,325,2000.8688264518153,32.24430847167969,0.03224430978298187
5,5.748284365836298e-06,0.9999999403953552,330,2005.2259991334815,32.24838638305664,0.03224838525056839
5,5.64247102374793e-06,0.9999999403953552,335,2004.9958580930625,32.12812805175781,0.03212812542915344
5,5.492916898219846e-06,0.9999999403953552,340,2004.9981907783276,32.00637435913086,0.03200637549161911
5,4.798733243660536e-06,0.9999999403953552,345,2007.6036047876632,31.905746459960938,0.03190574795007706
5,4.524971245700726e-06,0.9999999403953552,350,2011.8886746195517,31.7968692779541,0.03179687261581421
5,4.412133421283215e-06,0.9999999403953552,355,2014.465406410718,31.661128997802734,0.03166113421320915
5,4.20442120230291e-06,0.9999999403953552,360,2015.9109549789032,31.469905853271484,0.031469907611608505
5,2.119192004101933e-06,0.9999999403953552,365,2025.4345646392871,31.162073135375977,0.031162071973085403
5,1.9950573459937004e-06,0.9999999403953552,370,2029.2542433581139,30.85024642944336,0.0308502446860075
5,1.900109623420576e-06,0.9999999403953552,375,2035.598288995809,30.66207504272461,0.03066207468509674
5,1.8280505855727824e-06,0.9999999403953552,380,2040.4783441509621,30.584796905517578,0.030584799125790596
5,1.880483637251018e-06,0.9999999403953552,385,2045.2664061844343,30.454395294189453,0.030454399064183235
5,3.6497272049018648e-06,0.9999999403953552,390,2048.396533391784,30.242979049682617,0.030242981389164925
5,2.5511812054901384e-05,0.9999999403953552,395,2067.0578810909674,29.349571228027344,0.029349571093916893
5,1.6850342944962904e-05,0.9999999403953552,400,2070.4453728894728,29.29891586303711,0.029298916459083557
5,1.0240729352517519e-05,0.9999999403953552,405,2079.643707282668,29.216556549072266,0.02921655774116516
5,6.211249910847982e-06,0.9999999403953552,410,2087.720640772117,29.070241928100586,0.02907024323940277
5,5.417890861281194e-06,0.9999999403953552,415,2093.1563425986888,28.909564971923828,0.028909562155604362
5,4.9800146371126175e-06,0.9999999403953552,420,2098.1687309360686,28.739334106445312,0.028739335015416145
5,4.092602466698736e-06,0.9999999403953552,425,2101.103262889335,28.569761276245117,0.028569761663675308
5,3.686739091790514e-06,0.9999999403953552,430,2102.578517405736,28.405107498168945,0.02840510755777359
5,3.5576790651248302e-06,0.9999999403953552,435,2103.7888895402684,28.23691177368164,0.028236916288733482
5,3.3789390272431774e-06,0.9999999403953552,440,2106.319759573518,28.040241241455078,0.028040243312716484
5,3.1741940347274067e-06,0.9999999403953552,445,2106.8907198954225,27.808467864990234,0.02780846878886223
5,2.4171486074919812e-06,0.9999999403953552,450,2112.6824386150956,27.684783935546875,0.027684783563017845
5,1.4761421880393755e-06,0.9999999403953552,455,2122.204314683164,27.58873748779297,0.0275887381285429
5,1.3268780776343192e-06,0.9999999403953552,460,2128.7426265424533,27.42403221130371,0.027424033731222153
5,3.6022856875206344e-06,0.9999999403953552,465,2116.6968249006454,27.158605575561523,0.02715860679745674
5,4.728544354293263e-06,0.9999999403953552,470,2115.45725292838,26.887500762939453,0.026887502521276474
5,1.3505688002624083e-05,0.9999999403953552,475,2130.537421661892,25.887611389160156,0.025887610390782356
5,1.2292942301428411e-05,0.9999999403953552,480,2136.846775232501,25.795684814453125,0.02579568699002266
5,1.0573015970294364e-05,0.9999999403953552,485,2150.7425792666704,25.625839233398438,0.025625841692090034
5,9.81292669166578e-06,0.9999999403953552,490,2154.9611921185365,25.510175704956055,0.02551017701625824
5,1.0555489097896498e-05,0.9999999403953552,495,2155.619028450092,25.442707061767578,0.025442708283662796
5,9.966389370674733e-06,0.9999999403953552,500,2157.3759362208953,25.39468765258789,0.025394689291715622
5,7.637231647095177e-06,0.9999999403953552,505,2165.859414403775,25.34441375732422,0.02534441463649273
5,7.306689440156333e-06,0.9999999403953552,510,2170.2186152489808,25.304340362548828,0.025304339826107025
5,7.269752131833229e-06,0.9999999403953552,515,2171.19030211065,25.269458770751953,0.025269459933042526
5,7.08941615812364e-06,0.9999999403953552,520,2172.179826508286,25.244678497314453,0.025244679301977158
5,6.6709521888697054e-06,0.9999999403953552,525,2170.235828543154,25.251270294189453,0.025251271203160286
5,6.543413292092737e-06,0.9999999403953552,530,2169.0606995036455,25.195484161376953,0.02519548311829567
5,2.256863263028208e-05,0.9999999403953552,535,2153.660875920841,24.309917449951172,0.0243099182844162
5,2.199597656726837e-05,0.9999999403953552,540,2157.9264028557304,24.28243637084961,0.024282436817884445
5,2.1044677851023152e-05,0.9999999403953552,545,2163.3819870234397,24.267789840698242,0.02426779270172119
5,1.9993223759229295e-05,0.9999999403953552,550,2167.690295289098,24.273685455322266,0.024273687973618507
5,1.9108632841380313e-05,0.9999999403953552,555,2172.6018671518755,24.25791358947754,0.02425791323184967
5,1.7838456187746488e-05,0.9999999403953552,560,2180.3843475374883,24.25359535217285,0.024253595620393753
5,1.7008258510031737e-05,0.9999999403953552,565,2183.2835009774803,24.23917579650879,0.024239178746938705
5,1.6382295143557712e-05,0.9999999403953552,570,2185.9759689968128,24.225650787353516,0.02422565221786499
5,1.5676379916840233e-05,0.9999999403953552,575,2187.677482196827,24.217599868774414,0.024217600002884865
5,1.5228578376991209e-05,0.9999999403953552,580,2189.2169699803335,24.210161209106445,0.024210162460803986
5,1.4796568393649068e-05,0.9999999403953552,585,2191.074469389821,24.202953338623047,0.024202954024076462
5,1.4213044778443873e-05,0.9999999403953552,590,2192.657739236083,24.195880889892578,0.024195879697799683
5,1.3154352018318605e-05,0.9999999403953552,595,2197.02784191596,24.194761276245117,0.024194762110710144
5,1.26497725432273e-05,0.9999999403953552,600,2196.7748374006237,24.19062042236328,0.024190623313188553
5,1.1700944924086798e-05,0.9999999403953552,605,2198.7428577597198,24.189922332763672,0.024189922958612442
5,1.106035506381886e-05,0.9999999403953552,610,2201.3402529886334,24.18706512451172,0.02418706566095352
5,1.0563742762315087e-05,0.9999999403953552,615,2200.0585609621594,24.21518898010254,0.02421519160270691
5,1.020408672047779e-05,0.9999999403953552,620,2201.8146613077856,24.191146850585938,0.024191146716475487
5,1.2030833204335067e-05,0.9999999403953552,625,2193.966789803885,24.172395706176758,0.02417239546775818
5,1.1197159437870141e-05,0.9999999403953552,630,2196.250590450631,24.16962432861328,0.02416962757706642
5,1.0416211807751097e-05,0.9999999403953552,635,2199.595244293145,24.166793823242188,0.02416679635643959
5,8.860908565111458e-06,0.9999999403953552,640,2204.1377518464287,24.164119720458984,0.024164121598005295
5,1.0703177395043895e-05,0.9999999403953552,645,2225.3899306652934,24.201683044433594,0.024201685562729836
5,9.896300980472006e-06,0.9999999403953552,650,2233.326164819639,24.201416015625,0.024201415479183197
5,9.326902727480046e-06,0.9999999403953552,655,2235.452476936432,24.20001220703125,0.024200012907385826
5,8.647201866551768e-06,0.9999999403953552,660,2238.9787640156305,24.20093536376953,0.024200936779379845
5,8.286384399980307e-06,0.9999999403953552,665,2246.841234014421,24.200496673583984,0.024200499057769775
5,7.393469331873348e-06,0.9999999403953552,670,2252.8656515020675,24.201446533203125,0.024201449006795883
5,6.887080417072866e-06,0.9999999403953552,675,2258.3595495052878,24.201133728027344,0.024201136082410812
5,6.564141585840844e-06,0.9999999403953552,680,2260.6183728275473,24.20053482055664,0.02420053631067276
5,6.010024208080722e-06,0.9999999403953552,685,2264.647908866148,24.199901580810547,0.024199899286031723
5,5.722502919525141e-06,0.9999999403953552,690,2266.4836471847602,24.19918441772461,0.02419918403029442
5,5.3721873882750515e-06,0.9999999403953552,695,2269.346304651982,24.19845962524414,0.024198461323976517
